1,2,3,4,5,6,7,8,9,10,11,12,13,14,15,16,17,18,19,20,21,22,23,24,25,26,27,28,29,30,31,32,33,34,35,36,37,38,39,40,41,42,43,44,45,46,47,48,49,50,51,52,53,54,55,56,57,58,59,60,61,62,63,64,65,66,67,68,69,70,71,72,73,74,75,76,77,78,79,80,81,82,83,84,85,86,87,88,89,90,91,92,93,94,95,96,97,98,99,100
0.9999999999999999,0.0,0.0882623353588767,0.0,0.0,0.0,0.0,0.0,0.0,0.0,0.0,0.0,0.0,0.0,0.0,0.0,0.0,0.0,0.0,0.0,0.0,0.0,0.0,0.0,0.0,0.0,0.0,0.0,0.07448217934321019,0.0,0.0,0.0,0.0,0.0,0.0,0.0,0.0,0.0,0.0,0.0,0.0,0.0,0.0,0.0,0.0,0.0,0.0,0.0,0.0,0.0,0.0,0.0,0.0,0.0,0.0,0.0,0.0,0.0,0.0,0.0,0.0,0.0,0.0,0.0,0.0,0.0,0.0,0.0,0.0,0.0,0.0,0.0,0.0714174667318783,0.060760459459298484,0.0,0.0,0.03127918512128001,0.0,0.03431258666200892,0.12374178950920596,0.0,0.10078945394328019,0.0,0.032240876033320875,0.0,0.0,0.0,0.0,0.0,0.0,0.0,0.0,0.0,0.0,0.0,0.0,0.0,0.0,0.0,0.0
0.0,1.0,0.0,0.0,0.0,0.0,0.11737523037157269,0.0,0.0,0.0,0.033831795396015545,0.0,0.0,0.0,0.0,0.0,0.0,0.0,0.0,0.04252099110729915,0.0,0.087518762136381,0.0,0.0,0.0,0.0,0.0,0.0,0.0,0.06771156214920342,0.0,0.0,0.0,0.0,0.02264379891919416,0.0758632103556081,0.0,0.0,0.0,0.0,0.0,0.11142789360613578,0.019523580421914093,0.0,0.0,0.029761011415398202,0.20251325872393736,0.0,0.0,0.0,0.0,0.0,0.032559571421507644,0.0,0.0,0.0,0.03684836574284868,0.06109542365410294,0.011637548610733043,0.0,0.0,0.0,0.0,0.0,0.0,0.0,0.0,0.0,0.0,0.0,0.0,0.0,0.0,0.09136177731896143,0.0,0.0,0.06718941823114077,0.0,0.0,0.0,0.0,0.0,0.0,0.0,0.0,0.0,0.0,0.0,0.0,0.0,0.0,0.0,0.0884932330613618,0.06627304500343502,0.0,0.010821883412392756,0.0,0.061413942904747804,0.0,0.0
0.0882623353588767,0.0,0.9999999999999999,0.0,0.0,0.07847637899031037,0.031222950809607117,0.0,0.0,0.0,0.0,0.0,0.0,0.10435198613228924,0.0,0.0,0.0,0.0,0.0,0.0,0.0923474009713898,0.03300059126589032,0.0,0.0,0.0,0.0,0.0,0.04496577966710103,0.0,0.0,0.0,0.0,0.0,0.0,0.0,0.0,0.0,0.0,0.0,0.03081960454509612,0.1096760624331345,0.0,0.0,0.0,0.0,0.0,0.0,0.0,0.0,0.0,0.0,0.0,0.02864679364864083,0.06412035143050278,0.0,0.0,0.0,0.0,0.0,0.11465613692719312,0.0,0.0,0.0,0.0,0.0,0.09540590626159415,0.0,0.0,0.0,0.0,0.0,0.04852348065243781,0.0,0.0,0.0,0.0,0.0,0.0,0.0,0.0,0.0,0.0,0.0,0.0,0.0,0.0,0.0,0.05029156116515315,0.0,0.0,0.0,0.0,0.0,0.0,0.0,0.08765720826324125,0.0,0.04631455880667265,0.0712999855768738,0.0
0.0,0.0,0.0,1.0000000000000002,0.0,0.0,0.06579783991704649,0.0,0.0,0.0,0.0,0.0,0.12098729006724604,0.0,0.0,0.0,0.0,0.0,0.0,0.0,0.0,0.0,0.0,0.0,0.0,0.0,0.0,0.0,0.0,0.0,0.0,0.0,0.0,0.0,0.0,0.0,0.0,0.0,0.0,0.0,0.0,0.0,0.0,0.0,0.0,0.0,0.0,0.0,0.0,0.0,0.0,0.0,0.0,0.0,0.0,0.0,0.0,0.0,0.06849927672102593,0.0,0.0,0.0,0.0,0.0,0.0,0.0,0.0,0.0,0.0,0.0,0.0,0.0,0.0,0.0,0.0,0.0,0.0,0.0,0.0,0.0,0.0,0.0,0.0,0.0,0.0,0.0,0.0,0.0,0.0,0.0,0.10900861322918919,0.0,0.0,0.0,0.0,0.0,0.0,0.0,0.0,0.04537735709160588
0.0,0.0,0.0,0.0,1.0,0.0,0.0,0.0,0.0,0.0,0.0,0.02867217763042509,0.0,0.0,0.0,0.0,0.0,0.0,0.0,0.09497196514904183,0.0,0.0,0.0,0.0,0.0,0.0,0.0508000508000762,0.0,0.0,0.0,0.0,0.0,0.0,0.0,0.0,0.0,0.0,0.0,0.0,0.0,0.0,0.0,0.0,0.0,0.0,0.03877542138085242,0.0,0.0,0.0,0.0,0.0,0.0,0.0,0.0,0.0,0.0,0.0,0.024562537539453734,0.0636824316444091,0.0,0.0,0.0,0.0,0.0,0.027128527791054673,0.0,0.15215010259201078,0.0,0.0,0.0,0.0,0.1886221770736233,0.0,0.0,0.0,0.0,0.0,0.029722243120681762,0.07202263595024049,0.0,0.0,0.0,0.0,0.0,0.0,0.0,0.0,0.037535063366188504,0.0,0.0,0.0,0.0,0.05764861874843599,0.0,0.0,0.0,0.0,0.0,0.05701573160798387,0.0
0.0,0.0,0.07847637899031037,0.0,0.0,1.0000000000000002,0.0,0.0,0.0,0.0,0.03200848209127126,0.028917408913534868,0.0,0.0,0.0,0.0,0.0,0.0,0.0,0.008620582880877255,0.0,0.0,0.0,0.0,0.07667167879888682,0.010407620520530571,0.0,0.0,0.0,0.0,0.0,0.0,0.0,0.0,0.10283253944276119,0.11483948429599734,0.0,0.0,0.0628697719683635,0.0,0.0,0.0,0.0,0.07403612127535553,0.0,0.0,0.0,0.0,0.026936866731719546,0.0,0.0,0.0,0.05544868085722592,0.0,0.0,0.0,0.0,0.0,0.0,0.07397606893084137,0.0,0.0,0.0,0.0,0.0,0.0,0.0,0.0,0.0,0.01840207540004459,0.0,0.0,0.0,0.11576514225863739,0.0,0.09370913318240048,0.0,0.0,0.0,0.0,0.0,0.0,0.07550232541875196,0.0,0.13479000988800488,0.0,0.0,0.0,0.0,0.0,0.0,0.0,0.0,0.0,0.0,0.0,0.0,0.0,0.0,0.0
0.0,0.11737523037157269,0.031222950809607117,0.06579783991704649,0.0,0.0,1.0,0.0,0.0,0.0,0.0,0.0,0.056167177648218006,0.0,0.0,0.0,0.0,0.0,0.0,0.028010215507813848,0.0,0.0,0.0,0.0,0.0,0.08285092312703987,0.0,0.047722251710718165,0.0,0.028100655728646402,0.0,0.0,0.0,0.0,0.0,0.04997402026243999,0.0,0.0,0.0,0.0,0.0,0.07340184770420002,0.0,0.0,0.0,0.0,0.0,0.0,0.13128592103692152,0.0,0.0,0.0,0.0,0.05645714951678252,0.01893959774986716,0.0,0.0,0.0,0.0,0.0,0.0,0.0,0.0,0.0,0.0,0.0,0.0,0.0,0.022895427362117676,0.15426461882703874,0.0,0.0,0.0,0.0,0.0,0.0,0.0,0.0,0.0,0.0,0.054717832987883054,0.0,0.0,0.0,0.0,0.0,0.0,0.04428107651922146,0.0,0.0,0.0,0.0,0.022669851148001734,0.0,0.0,0.06986215822211454,0.05730302348130663,0.0,0.0,0.07583759477541231
0.0,0.0,0.0,0.0,0.0,0.0,0.0,1.0000000000000002,0.0,0.0,0.0,0.04779060487756621,0.0,0.0,0.05569046766311271,0.0,0.0,0.08523601958543742,0.0,0.0,0.0853402411289535,0.0,0.0,0.0,0.0,0.0,0.0,0.055937881289810254,0.0,0.0,0.0,0.0,0.0,0.0,0.0,0.0,0.0,0.0,0.0,0.0,0.0,0.0,0.0,0.0,0.0,0.0,0.0,0.0,0.0,0.0,0.0,0.0,0.07127379773306937,0.0,0.0,0.04847852864511888,0.0,0.0,0.0,0.0,0.0,0.0,0.11816051118506697,0.0,0.0,0.0,0.0,0.0,0.0,0.0,0.0,0.0,0.0,0.0,0.0,0.0,0.0,0.0,0.0,0.0,0.0,0.0,0.04313367794090013,0.0,0.0,0.0,0.09610732043655723,0.0,0.0,0.0,0.0,0.0,0.0,0.0,0.0,0.0,0.0,0.0,0.0,0.0
0.0,0.0,0.0,0.0,0.0,0.0,0.0,0.0,0.9999999999999999,0.0,0.0,0.0,0.0,0.0,0.006240371113424388,0.0,0.0,0.0,0.0,0.0,0.0,0.0,0.0,0.0,0.0,0.0,0.0,0.02014744802037258,0.07508510557782777,0.0,0.10893098097253215,0.0,0.0,0.0,0.0,0.037976585159429116,0.0,0.0,0.0,0.0,0.0,0.0,0.0,0.0,0.1020391780710209,0.0,0.0,0.0,0.0,0.0,0.09664763289031936,0.0,0.0,0.0,0.0,0.0,0.0,0.027525542269276376,0.0,0.0,0.0,0.0,0.0,0.0,0.0,0.0,0.0,0.0,0.0,0.0,0.0,0.0,0.03359793938957421,0.0,0.0,0.03470760293059558,0.0,0.0,0.0,0.0,0.023760876817778557,0.0,0.03883922282198064,0.0,0.0,0.0,0.0,0.0,0.0,0.0,0.0,0.0,0.0,0.0,0.02750066603982107,0.0,0.0,0.018830322903968855,0.0,0.0
0.0,0.0,0.0,0.0,0.0,0.0,0.0,0.0,0.0,1.0000000000000002,0.0,0.0,0.0,0.0,0.0,0.0,0.0,0.0,0.0,0.0,0.007938042815398083,0.0,0.0,0.0,0.0,0.0,0.0,0.0,0.06722199863752028,0.0,0.0,0.0,0.0,0.0,0.06088956317640968,0.0,0.0,0.0,0.0,0.0,0.0,0.0,0.0,0.0,0.0,0.0,0.0,0.0,0.0,0.0,0.0,0.0,0.0,0.0,0.04659475134766185,0.0,0.0,0.0,0.03422733952159554,0.0,0.06967675141103467,0.0,0.04445194893424093,0.0,0.0,0.0,0.0,0.07544279070246046,0.09387798331530112,0.0,0.0,0.05677201187838438,0.0,0.0,0.0,0.0,0.0,0.0,0.0,0.0,0.0,0.0,0.0,0.0,0.0,0.0,0.0,0.0,0.05308411140936342,0.0,0.0,0.0,0.0,0.0,0.0,0.0,0.0,0.0,0.0,0.0
0.0,0.033831795396015545,0.0,0.0,0.0,0.03200848209127126,0.0,0.0,0.0,0.0,0.9999999999999999,0.0,0.0,0.0,0.08350566911830892,0.0,0.0,0.0,0.0,0.0,0.0,0.0,0.0,0.0,0.0,0.0,0.0,0.0,0.0,0.0,0.0,0.0,0.0,0.0,0.0,0.0,0.0,0.07327652373977844,0.06955239884267587,0.0,0.0,0.0,0.0,0.0,0.0,0.0,0.0,0.0,0.0,0.0,0.0,0.0,0.0,0.0,0.0,0.0,0.0,0.058465662684900395,0.04872274648430127,0.0,0.0,0.0,0.0,0.09752936273156643,0.0,0.0,0.0,0.0,0.0,0.0,0.0,0.0,0.0,0.0,0.0,0.0,0.05626018159673846,0.12734495155209646,0.0,0.0,0.0,0.0,0.0,0.0,0.0,0.02371510627474387,0.0,0.0,0.07934370376512874,0.08110515487743267,0.0,0.12437664233820869,0.0,0.03641719491766899,0.0,0.0,0.0,0.0,0.022901615981607067,0.0
0.0,0.0,0.0,0.0,0.02867217763042509,0.028917408913534868,0.0,0.04779060487756621,0.0,0.0,0.0,1.0,0.0,0.008972178910929196,0.0,0.0,0.0,0.0,0.0,0.034463640223089585,0.10957234827763215,0.0,0.0,0.0,0.0,0.13869305365018397,0.0,0.0,0.03241870060995729,0.0,0.0,0.0,0.0,0.0,0.0,0.0,0.0,0.04413345176659414,0.0,0.0,0.0,0.0,0.0,0.0,0.0,0.030017945777212354,0.06808720235447001,0.0,0.0,0.0,0.0,0.0,0.0,0.0,0.0,0.0,0.0,0.0,0.0,0.0,0.027442072454782883,0.055695599328702335,0.0,0.0,0.039377844613650306,0.0,0.0,0.0,0.0,0.07356840189450924,0.0,0.0,0.0,0.0,0.0,0.0,0.0,0.0,0.0,0.0,0.0,0.0,0.0,0.0,0.0,0.0,0.0,0.0544832327128588,0.09102406023456373,0.0,0.0,0.0,0.0,0.0,0.02137260823841421,0.027288278693415255,0.042974705561521054,0.0,0.0,0.0
0.0,0.0,0.0,0.12098729006724604,0.0,0.0,0.056167177648218006,0.0,0.0,0.0,0.0,0.0,0.9999999999999998,0.0,0.0,0.0,0.0,0.0,0.0,0.0,0.0,0.1696142488654913,0.0,0.0,0.0,0.0,0.0,0.0,0.0,0.0,0.029751222827505384,0.0,0.0,0.0,0.0,0.0,0.0,0.0,0.0,0.04224121548311845,0.0,0.0,0.0,0.0,0.0,0.0,0.0,0.0,0.0,0.0,0.0,0.0,0.0,0.0,0.0,0.0,0.0,0.0,0.0,0.0,0.05207745585970039,0.0,0.0,0.0,0.0,0.0,0.0,0.0,0.0,0.0,0.0,0.0,0.013764400711349904,0.0,0.0380214394905086,0.0,0.0,0.0,0.0,0.0,0.0,0.0,0.0,0.0,0.0,0.0,0.0,0.0,0.0,0.0,0.0,0.0,0.0,0.0,0.06759882196559432,0.0,0.0,0.0,0.0,0.0
0.0,0.0,0.10435198613228924,0.0,0.0,0.0,0.0,0.0,0.0,0.0,0.0,0.008972178910929196,0.0,0.9999999999999999,0.0,0.0,0.0,0.0,0.0,0.0,0.1386495401508407,0.09634097046450595,0.0,0.0,0.0,0.0,0.0,0.06751120884603011,0.0,0.0,0.0,0.0,0.0,0.0,0.0,0.0,0.0,0.0,0.0,0.0,0.0,0.0,0.1375464196338962,0.0,0.0,0.05177051527660855,0.0,0.0,0.0,0.0,0.0,0.0,0.0,0.0,0.0,0.0,0.0,0.0,0.0,0.17214367154038493,0.0,0.0,0.0,0.0,0.0,0.0,0.0,0.0,0.0,0.0,0.0,0.0,0.0,0.0,0.0,0.0,0.0,0.0,0.0,0.07802619437669743,0.11611146534450408,0.0,0.0,0.0,0.0,0.0,0.0,0.0,0.10596476893267529,0.0,0.0,0.0,0.0,0.08105956451714028,0.0,0.042356510119291056,0.0,0.0,0.0,0.0
0.0,0.0,0.0,0.0,0.0,0.0,0.0,0.05569046766311271,0.006240371113424388,0.0,0.08350566911830892,0.0,0.0,0.0,1.0,0.0,0.0,0.0,0.0,0.0,0.0,0.0,0.1053875728836433,0.0,0.0,0.0,0.0,0.0,0.018888781619569465,0.04029020614797855,0.0,0.0,0.0,0.0,0.0,0.0,0.0,0.0,0.0,0.0,0.0,0.0,0.0,0.0,0.0,0.0,0.0,0.0,0.0470588380034895,0.0,0.0,0.0,0.1162429401736501,0.0,0.036206998397504214,0.0,0.0,0.0,0.0,0.0,0.0,0.0,0.05828947081817707,0.0,0.0,0.0,0.0,0.03391800130272898,0.0,0.0,0.0,0.0,0.0,0.0,0.0,0.0,0.051825299076890145,0.11730659256354206,0.0,0.0,0.02390961615338221,0.0,0.0,0.0,0.0,0.0,0.06772923656153722,0.0,0.0,0.0,0.0,0.0,0.0,0.0,0.027672815865216416,0.0,0.0,0.0,0.0,0.05436727805880645
0.0,0.0,0.0,0.0,0.0,0.0,0.0,0.0,0.0,0.0,0.0,0.0,0.0,0.0,0.0,0.9999999999999998,0.0,0.0,0.0,0.0,0.0,0.0,0.0,0.0,0.0,0.0,0.11855918364873161,0.0,0.0,0.0,0.0,0.0,0.0,0.0,0.0,0.0,0.0,0.0,0.0,0.0,0.0,0.0,0.0,0.0,0.0,0.0,0.0,0.0,0.0,0.0,0.0,0.0,0.0,0.0,0.03793637410762298,0.0,0.0,0.0,0.0,0.0,0.0,0.0,0.015510751586588045,0.0,0.0,0.0,0.0,0.0,0.0,0.0,0.0,0.0,0.0,0.0,0.16308201826336055,0.0,0.0,0.0,0.0,0.0,0.0,0.04761101412606271,0.0,0.0,0.0,0.0,0.0,0.0,0.0,0.0,0.0,0.0,0.0,0.0,0.0,0.0,0.0,0.0,0.0,0.0
0.0,0.0,0.0,0.0,0.0,0.0,0.0,0.0,0.0,0.0,0.0,0.0,0.0,0.0,0.0,0.0,1.0000000000000002,0.0,0.0,0.0,0.0,0.0,0.0,0.0,0.025271341814350288,0.0,0.0,0.0,0.0,0.0,0.0,0.0,0.0,0.015739236194753314,0.0,0.0,0.0,0.0,0.0,0.0,0.0,0.0,0.0,0.0,0.0,0.03341054425582782,0.0,0.0,0.04494748986618011,0.0,0.0,0.0,0.0,0.0,0.0,0.0,0.0,0.0,0.0,0.0,0.0,0.0,0.0,0.0,0.0,0.0,0.0,0.0,0.0,0.0,0.0,0.18284045773370874,0.0,0.0,0.0,0.0,0.0,0.0,0.0,0.0,0.0,0.0,0.0,0.0,0.0,0.0,0.0,0.0,0.0,0.0,0.0,0.0,0.0,0.0,0.0,0.0,0.0,0.0,0.07676119934393914,0.05192802846978067
0.0,0.0,0.0,0.0,0.0,0.0,0.0,0.08523601958543742,0.0,0.0,0.0,0.0,0.0,0.0,0.0,0.0,0.0,0.9999999999999999,0.0,0.0,0.0,0.0,0.09875449510345677,0.0,0.0,0.0,0.0,0.0,0.0,0.0,0.0,0.0,0.0,0.0,0.0,0.0,0.08335142371308261,0.0,0.0,0.0,0.0,0.0,0.0,0.0,0.0,0.0,0.0,0.0,0.0,0.0,0.0,0.0,0.027534230772073537,0.0,0.0,0.0806746616665763,0.015980040964310462,0.0,0.0,0.0,0.05393804727831516,0.0,0.0,0.0,0.07524814485698594,0.0,0.0,0.0,0.0,0.0,0.0,0.0,0.0,0.0,0.0,0.0,0.0,0.0,0.06712400494644269,0.0,0.0,0.0,0.0,0.0,0.0,0.0,0.14808819370741022,0.0,0.0,0.0,0.0,0.0,0.0,0.057481299516791505,0.0,0.0,0.0,0.0,0.0,0.0
0.0,0.0,0.0,0.0,0.0,0.0,0.0,0.0,0.0,0.0,0.0,0.0,0.0,0.0,0.0,0.0,0.0,0.0,0.9999999999999999,0.0,0.0,0.0,0.0,0.0,0.0,0.0,0.0,0.0,0.0,0.0,0.0,0.0,0.0,0.0,0.0,0.0,0.0,0.08980867305838536,0.0,0.0,0.0,0.0,0.0,0.0,0.0,0.0,0.0,0.0,0.0,0.0,0.0,0.0,0.0,0.0,0.0,0.06960300300537989,0.0,0.0,0.0,0.0,0.03545575456034573,0.0,0.0,0.0,0.0,0.015579719252580546,0.0,0.06252063705632441,0.0,0.0,0.0,0.0,0.0,0.033485761428232494,0.0,0.0,0.0,0.00780378253217388,0.0,0.0,0.0,0.0,0.0,0.0,0.0,0.0,0.0,0.0,0.0,0.0,0.0,0.0,0.12108838008392611,0.0,0.0,0.0,0.0,0.0,0.0,0.0
0.0,0.04252099110729915,0.0,0.0,0.09497196514904183,0.008620582880877255,0.028010215507813848,0.0,0.0,0.0,0.0,0.034463640223089585,0.0,0.0,0.0,0.0,0.0,0.0,0.0,0.9999999999999999,0.0,0.0,0.0,0.0,0.0,0.0,0.0,0.0,0.0,0.0,0.0,0.0,0.08579049838457509,0.0,0.0,0.03258695004054038,0.0,0.0,0.0,0.0,0.0,0.047863716616329176,0.04109301848039102,0.0,0.0,0.0,0.0,0.09434441084543035,0.0,0.0262967181740016,0.0,0.0,0.0,0.0,0.0,0.0,0.0,0.0,0.0,0.0,0.0,0.0,0.0,0.0,0.0,0.09129489432825036,0.0,0.0,0.0,0.02193151218498224,0.0,0.14510193250171766,0.0,0.0,0.0,0.0,0.0,0.0,0.0,0.0,0.0,0.0,0.0,0.0,0.0,0.0,0.0,0.0,0.0,0.0,0.0,0.0,0.11086880286600397,0.0,0.0,0.0,0.0,0.0,0.045688185634673535,0.0
0.0,0.0,0.0923474009713898,0.0,0.0,0.0,0.0,0.0853402411289535,0.0,0.007938042815398083,0.0,0.10957234827763215,0.0,0.1386495401508407,0.0,0.0,0.0,0.0,0.0,0.0,1.0,0.0,0.0,0.0,0.03742613264083979,0.07144205921295126,0.0,0.10156609699108922,0.0,0.0,0.0,0.0,0.0,0.0,0.05294126806455685,0.0,0.0,0.03897179016828058,0.0,0.0,0.0,0.0,0.0,0.0,0.0,0.020616690869760996,0.0,0.0,0.0,0.0,0.0,0.0,0.053287061212259054,0.0,0.0,0.0,0.0,0.0,0.0,0.15234037462664254,0.02423256388706176,0.0,0.08834139042192626,0.0,0.01893162839588395,0.0,0.0,0.0,0.0,0.0,0.0,0.0,0.024907632494401866,0.0,0.0,0.0,0.0,0.0,0.0,0.0,0.0,0.053564096516090544,0.0,0.0,0.0,0.0,0.0,0.0,0.0,0.0,0.0,0.03617532123267162,0.0,0.0,0.0,0.0,0.0,0.0,0.0,0.0
0.0,0.087518762136381,0.03300059126589032,0.0,0.0,0.0,0.0,0.0,0.0,0.0,0.0,0.0,0.1696142488654913,0.09634097046450595,0.0,0.0,0.0,0.0,0.0,0.0,0.0,0.9999999999999999,0.0,0.0,0.0,0.0,0.0,0.0,0.0,0.11733543561205446,0.0,0.0,0.0,0.0,0.03923879357916529,0.0,0.0,0.0,0.0,0.0,0.0,0.058185668989574786,0.0,0.0,0.060071888994594876,0.0,0.0,0.0,0.0,0.0,0.03319038978485696,0.0,0.0,0.0,0.0,0.0,0.0,0.0,0.0,0.0,0.0,0.0,0.0,0.0,0.0,0.1294800604071306,0.09519735355035643,0.0,0.0,0.0,0.06982956200792438,0.0,0.0,0.0,0.0,0.014302995348951535,0.0,0.0,0.0,0.0,0.0,0.0,0.025609015960706628,0.0,0.0,0.051123425976548086,0.0,0.04457349082533305,0.058643589605209906,0.06422731364300396,0.0,0.0,0.0,0.0,0.0,0.0,0.0,0.0,0.0,0.0
0.0,0.0,0.0,0.0,0.0,0.0,0.0,0.0,0.0,0.0,0.0,0.0,0.0,0.0,0.1053875728836433,0.0,0.0,0.09875449510345677,0.0,0.0,0.0,0.0,1.0000000000000002,0.0,0.0,0.0,0.0,0.0,0.0,0.0,0.0,0.0,0.0,0.0,0.0,0.0,0.0,0.0,0.0,0.0,0.0,0.0,0.0,0.0,0.0,0.0,0.0,0.0,0.0,0.0,0.0,0.0,0.0,0.0,0.0,0.0,0.0,0.0,0.0,0.0,0.0,0.0,0.07985881610459525,0.0,0.0,0.0,0.0,0.08433256764765157,0.0,0.0,0.10598689313193273,0.0,0.0,0.0,0.0,0.0,0.0,0.0,0.006923410427488231,0.0,0.0,0.0,0.0,0.0,0.05018455851602061,0.0,0.0,0.0,0.0,0.0,0.0,0.0,0.0,0.0,0.0,0.0,0.0,0.02595975942933194,0.0,0.0
0.0,0.0,0.0,0.0,0.0,0.0,0.0,0.0,0.0,0.0,0.0,0.0,0.0,0.0,0.0,0.0,0.0,0.0,0.0,0.0,0.0,0.0,0.0,1.0,0.0,0.0,0.0,0.0,0.0,0.0,0.0,0.0,0.0,0.0,0.0,0.0,0.045840944278168594,0.0,0.08830160714494364,0.0,0.0,0.0,0.0,0.07465584327564094,0.0,0.0,0.0,0.0,0.0,0.0,0.0,0.0,0.018637605340966777,0.0,0.0,0.0,0.0,0.0,0.0,0.0,0.0,0.0,0.0,0.0,0.0,0.0,0.03337161416663944,0.0,0.0,0.0,0.0,0.0,0.0,0.0,0.0,0.0,0.09615067132409871,0.0,0.0,0.0,0.0,0.0,0.0,0.0,0.0,0.0,0.0,0.08834316877758344,0.05165761520569225,0.024246931161625095,0.10096212187045568,0.0,0.0,0.0,0.07701141730762948,0.0,0.0,0.04519838131801097,0.0,0.0
0.0,0.0,0.0,0.0,0.0,0.07667167879888682,0.0,0.0,0.0,0.0,0.0,0.0,0.0,0.0,0.0,0.0,0.025271341814350288,0.0,0.0,0.0,0.03742613264083979,0.0,0.0,0.0,1.0,0.0,0.0,0.0,0.0,0.0,0.0,0.0,0.0,0.0,0.0,0.0,0.0,0.0,0.0,0.0,0.0,0.0,0.0,0.10657404190605532,0.0,0.0,0.0,0.0,0.042300297075120744,0.0,0.0,0.0,0.0,0.0,0.0,0.057580128795189,0.0,0.0,0.0,0.0,0.0,0.031904321117623605,0.0,0.0,0.0,0.0,0.0,0.0,0.0,0.0,0.0,0.0,0.0,0.0,0.0,0.0,0.0,0.0,0.0,0.06170469958963533,0.0,0.07147997672870814,0.0,0.0,0.04762517264931529,0.0,0.04566039476492775,0.0,0.0,0.0,0.0,0.0,0.0,0.0,0.0,0.10852829926145789,0.0,0.04562189901360843,0.0,0.0
0.0,0.0,0.0,0.0,0.0,0.010407620520530571,0.08285092312703987,0.0,0.0,0.0,0.0,0.13869305365018397,0.0,0.0,0.0,0.0,0.0,0.0,0.0,0.0,0.07144205921295126,0.0,0.0,0.0,0.0,1.0,0.0,0.0,0.0,0.0,0.0,0.0,0.14796396746715895,0.0,0.0,0.0531119565521817,0.0,0.0,0.08141435438828327,0.13351940111092903,0.0,0.0,0.0,0.0,0.0,0.0,0.0,0.0,0.0,0.0,0.0,0.0,0.0,0.0,0.0,0.0,0.0,0.0,0.0,0.0,0.0,0.0,0.0,0.0,0.0,0.0,0.0,0.0,0.0,0.0,0.0,0.0,0.0,0.0,0.04807247871148008,0.0,0.0,0.0,0.0,0.0,0.053845962677394936,0.0,0.0,0.0,0.0,0.0,0.0,0.0,0.0,0.0,0.0,0.0,0.0,0.0,0.0,0.068748979240886,0.0,0.0,0.0,0.0
0.0,0.0,0.0,0.0,0.0508000508000762,0.0,0.0,0.0,0.0,0.0,0.0,0.0,0.0,0.0,0.0,0.11855918364873161,0.0,0.0,0.0,0.0,0.0,0.0,0.0,0.0,0.0,0.0,0.9999999999999999,0.0,0.0,0.0,0.0,0.0,0.0,0.0,0.0,0.0,0.0,0.0,0.0,0.0,0.0,0.0,0.0,0.0,0.0,0.0,0.0,0.0,0.0,0.0,0.0,0.0,0.0,0.0,0.0,0.0,0.0,0.012477781547830283,0.0,0.0,0.0,0.0,0.0,0.07195233635105722,0.0,0.0,0.0,0.0,0.0,0.0,0.0,0.0,0.06853724617906201,0.0,0.0,0.0,0.0,0.0,0.065857564170497,0.0,0.0,0.0,0.0,0.0,0.0,0.0,0.0,0.0,0.0,0.07418364595724469,0.0,0.0,0.029285527609747734,0.1239848167254355,0.005609927134532144,0.0,0.0,0.0,0.05430753866417046,0.025716877883430262
0.0,0.0,0.04496577966710103,0.0,0.0,0.0,0.047722251710718165,0.055937881289810254,0.02014744802037258,0.0,0.0,0.0,0.0,0.06751120884603011,0.0,0.0,0.0,0.0,0.0,0.0,0.10156609699108922,0.0,0.0,0.0,0.0,0.0,0.0,0.9999999999999998,0.0,0.15095654602526776,0.0,0.0,0.0,0.0,0.0,0.0,0.0,0.0,0.0,0.0,0.0,0.0,0.0,0.0,0.0,0.0,0.0,0.0,0.0,0.03160697706205069,0.0,0.0,0.0,0.0,0.0,0.0,0.0,0.0,0.0,0.07417754747626813,0.0,0.0,0.0,0.0,0.0,0.0,0.0,0.0,0.0,0.0,0.0,0.0,0.0,0.0,0.0,0.0,0.0,0.0,0.0,0.0,0.0,0.0,0.0,0.0,0.0,0.0,0.0,0.0,0.017122775865023514,0.030004981709346713,0.0,0.06165068289833124,0.0,0.019647540908034014,0.0,0.0,0.0,0.0,0.0,0.0
0.07448217934321019,0.0,0.0,0.0,0.0,0.0,0.0,0.0,0.07508510557782777,0.06722199863752028,0.0,0.03241870060995729,0.0,0.0,0.018888781619569465,0.0,0.0,0.0,0.0,0.0,0.0,0.0,0.0,0.0,0.0,0.0,0.0,0.0,0.9999999999999998,0.0,0.0,0.11988735879923398,0.0,0.0,0.0,0.0,0.0,0.02357329567895244,0.0,0.0,0.0,0.0,0.0,0.0,0.0,0.0,0.0,0.0,0.0,0.0,0.0,0.0,0.0,0.0,0.0,0.0,0.0,0.0,0.0,0.0,0.0,0.0,0.0,0.03050397073152733,0.0,0.0,0.0,0.07141865699012702,0.0,0.0,0.0,0.0,0.04519846147055686,0.0,0.0,0.0,0.0,0.06721195115387957,0.0,0.0,0.0,0.08747974251742553,0.0,0.04197497987515173,0.0,0.0,0.03380444551652831,0.0,0.0,0.0,0.0,0.0,0.0,0.0,0.0,0.0,0.0,0.04885449242326945,0.0,0.0
0.0,0.06771156214920342,0.0,0.0,0.0,0.0,0.028100655728646402,0.0,0.0,0.0,0.0,0.0,0.0,0.0,0.04029020614797855,0.0,0.0,0.0,0.0,0.0,0.0,0.11733543561205446,0.0,0.0,0.0,0.0,0.0,0.15095654602526776,0.0,1.0,0.0,0.0,0.0,0.0,0.03035829055665939,0.0,0.0,0.0,0.0,0.0,0.0,0.0,0.05889385835200228,0.03278548930442951,0.0,0.0,0.04525121404360786,0.0,0.0,0.0,0.0,0.0,0.0,0.0,0.0,0.0,0.0,0.0,0.0,0.0,0.0,0.0,0.0,0.0,0.0,0.0,0.0,0.0,0.0,0.0,0.0,0.0,0.0,0.0,0.0,0.0,0.0,0.0,0.0694799460279989,0.0,0.0,0.0,0.0,0.0,0.053720274863971386,0.0,0.0,0.0,0.0,0.0,0.0,0.0,0.0,0.0,0.0,0.0,0.0,0.0,0.0,0.0
0.0,0.0,0.0,0.0,0.0,0.0,0.0,0.0,0.10893098097253215,0.0,0.0,0.0,0.029751222827505384,0.0,0.0,0.0,0.0,0.0,0.0,0.0,0.0,0.0,0.0,0.0,0.0,0.0,0.0,0.0,0.0,0.0,0.9999999999999999,0.0,0.0,0.0,0.0,0.0,0.0,0.0,0.0,0.03353892354527688,0.0,0.0,0.0,0.0,0.0,0.0,0.0,0.0,0.0,0.0,0.0,0.0,0.0,0.0,0.04213492842892521,0.0,0.0,0.125349122316548,0.0,0.0,0.0,0.0,0.0,0.0,0.0,0.0,0.0,0.0,0.0,0.0,0.0,0.0,0.0,0.0,0.030188481500092432,0.0,0.0,0.0,0.0,0.05302003413176616,0.0,0.0,0.0,0.0,0.0,0.0,0.027245760238849427,0.0,0.0,0.0,0.0,0.0,0.0,0.0,0.0,0.0,0.0,0.0,0.0,0.1312234920719868
0.0,0.0,0.0,0.0,0.0,0.0,0.0,0.0,0.0,0.0,0.0,0.0,0.0,0.0,0.0,0.0,0.0,0.0,0.0,0.0,0.0,0.0,0.0,0.0,0.0,0.0,0.0,0.0,0.11988735879923398,0.0,0.0,1.0,0.0,0.0,0.0,0.0,0.0,0.0,0.0,0.0,0.0,0.03339869353708234,0.0,0.0,0.0,0.0,0.0,0.0,0.0,0.0,0.0,0.0,0.0,0.0,0.0,0.0,0.08590319557751014,0.0,0.13565087544548682,0.0,0.0,0.0,0.0,0.0,0.0,0.0,0.0,0.0,0.0,0.0,0.0,0.0,0.0,0.018256134994138362,0.0,0.0,0.0,0.0,0.0,0.0,0.0,0.0,0.0,0.02767748210085618,0.0,0.0,0.0,0.0,0.0,0.0,0.0,0.0415538161591553,0.0,0.0,0.0,0.0,0.0,0.0,0.0,0.0
0.0,0.0,0.0,0.0,0.0,0.0,0.0,0.0,0.0,0.0,0.0,0.0,0.0,0.0,0.0,0.0,0.0,0.0,0.0,0.08579049838457509,0.0,0.0,0.0,0.0,0.0,0.14796396746715895,0.0,0.0,0.0,0.0,0.0,0.0,1.0,0.0,0.0,0.09795959999578473,0.0,0.0,0.0,0.0,0.0,0.0,0.0,0.0,0.0,0.0,0.0,0.0,0.03015797377610359,0.06990864070422755,0.0,0.010811425063918467,0.0,0.0,0.0,0.03753300249990917,0.0,0.0,0.0,0.0,0.022305853841601577,0.0,0.0,0.08355614953096566,0.0,0.0,0.0,0.0,0.0,0.0,0.0,0.0,0.0,0.0,0.04274909800354809,0.0,0.0,0.0,0.0,0.021451499026147215,0.0,0.0,0.08587264379916529,0.0,0.0,0.0,0.0,0.0,0.0,0.0,0.05693808187057464,0.0,0.0,0.0,0.0,0.0,0.0,0.0,0.0,0.0
0.0,0.0,0.0,0.0,0.0,0.0,0.0,0.0,0.0,0.0,0.0,0.0,0.0,0.0,0.0,0.0,0.015739236194753314,0.0,0.0,0.0,0.0,0.0,0.0,0.0,0.0,0.0,0.0,0.0,0.0,0.0,0.0,0.0,0.0,1.0,0.0,0.0,0.0,0.0,0.0,0.0,0.0,0.0,0.0,0.04525591667444092,0.0,0.03442305603969344,0.0260263154983899,0.0,0.0,0.0,0.0,0.0,0.0,0.0,0.0,0.0,0.0,0.0,0.0,0.18087683437577698,0.0,0.0,0.0,0.0,0.0,0.0,0.0,0.0,0.0,0.0,0.0372876218696963,0.0,0.0,0.03019244144283752,0.0,0.0,0.0,0.0,0.0,0.0,0.0,0.0,0.0,0.0,0.0,0.0,0.0,0.0,0.0,0.0,0.0,0.0,0.0,0.0,0.0,0.0,0.02874737265970182,0.0,0.0,0.0
0.0,0.02264379891919416,0.0,0.0,0.0,0.10283253944276119,0.0,0.0,0.0,0.06088956317640968,0.0,0.0,0.0,0.0,0.0,0.0,0.0,0.0,0.0,0.0,0.05294126806455685,0.03923879357916529,0.0,0.0,0.0,0.0,0.0,0.0,0.0,0.03035829055665939,0.0,0.0,0.0,0.0,1.0,0.1020391780710209,0.0,0.0,0.0,0.0,0.0,0.0,0.0,0.0,0.0,0.0,0.015132709379751412,0.1429450032607947,0.10770486223300559,0.0,0.0,0.0,0.0,0.0,0.0,0.0,0.0,0.0,0.0,0.0,0.0,0.0,0.0,0.0,0.0,0.025524174466164666,0.0,0.05031513559450259,0.0,0.0,0.0,0.0,0.0,0.0,0.0,0.0,0.0,0.0,0.0,0.0,0.0,0.0,0.0,0.0,0.11976596643107863,0.0,0.0,0.0,0.0,0.0,0.0,0.0,0.0,0.0,0.0,0.0,0.0,0.0,0.0,0.0
0.0,0.0758632103556081,0.0,0.0,0.0,0.11483948429599734,0.04997402026243999,0.0,0.037976585159429116,0.0,0.0,0.0,0.0,0.0,0.0,0.0,0.0,0.0,0.0,0.03258695004054038,0.0,0.0,0.0,0.0,0.0,0.0531119565521817,0.0,0.0,0.0,0.0,0.0,0.0,0.09795959999578473,0.0,0.1020391780710209,1.0,0.0,0.0,0.010694524557405964,0.0,0.0,0.08539535668166685,0.0,0.0,0.0,0.0,0.0,0.0,0.0,0.14298486495941556,0.09206453877798777,0.0,0.0,0.0,0.0,0.0,0.0,0.05244052601910679,0.0,0.0,0.0,0.0,0.0,0.0,0.0,0.03257649265672063,0.0,0.0,0.0,0.0,0.0,0.0,0.0,0.0,0.0,0.0,0.0,0.0,0.0,0.0,0.0,0.0,0.00951362779201119,0.0,0.13375009404306792,0.0,0.0,0.0,0.0,0.0,0.0,0.0,0.0,0.0,0.0,0.0,0.0,0.0,0.0,0.0
0.0,0.0,0.0,0.0,0.0,0.0,0.0,0.0,0.0,0.0,0.0,0.0,0.0,0.0,0.0,0.0,0.0,0.08335142371308261,0.0,0.0,0.0,0.0,0.0,0.045840944278168594,0.0,0.0,0.0,0.0,0.0,0.0,0.0,0.0,0.0,0.0,0.0,0.0,0.9999999999999999,0.0,0.07408694809627496,0.0,0.0,0.0,0.0,0.0,0.045806910366879484,0.0,0.0,0.0,0.06348584335357273,0.0,0.0,0.0,0.0,0.0,0.0,0.0,0.0,0.0,0.0,0.12914788441435343,0.0,0.0,0.0,0.0,0.0,0.0,0.0,0.0,0.0,0.0,0.0,0.0,0.0,0.0,0.0,0.0,0.0,0.0,0.05843542772170441,0.0,0.0,0.013622829330517172,0.0,0.0,0.0,0.0,0.0,0.0,0.0,0.0,0.0,0.0,0.0,0.04925899193366525,0.0,0.0,0.0,0.0,0.0,0.0
0.0,0.0,0.0,0.0,0.0,0.0,0.0,0.0,0.0,0.0,0.07327652373977844,0.04413345176659414,0.0,0.0,0.0,0.0,0.0,0.0,0.08980867305838536,0.0,0.03897179016828058,0.0,0.0,0.0,0.0,0.0,0.0,0.0,0.02357329567895244,0.0,0.0,0.0,0.0,0.0,0.0,0.0,0.0,0.9999999999999998,0.0,0.0,0.0,0.0,0.0,0.0,0.0,0.0,0.0,0.0,0.0,0.0,0.0,0.0,0.0,0.0,0.0,0.0,0.0,0.08401714796951501,0.0,0.0,0.021379858665625282,0.0,0.0,0.0,0.0,0.0,0.0,0.0,0.0,0.0,0.0,0.0,0.0,0.0,0.0,0.0,0.0,0.0,0.0,0.0,0.020980773810579122,0.0,0.0,0.0,0.0,0.0,0.0,0.0,0.0,0.0,0.0,0.0,0.0,0.0,0.0,0.02232304137333162,0.0,0.0,0.0,0.0692641949584962
0.0,0.0,0.0,0.0,0.0,0.0628697719683635,0.0,0.0,0.0,0.0,0.06955239884267587,0.0,0.0,0.0,0.0,0.0,0.0,0.0,0.0,0.0,0.0,0.0,0.0,0.08830160714494364,0.0,0.08141435438828327,0.0,0.0,0.0,0.0,0.0,0.0,0.0,0.0,0.0,0.010694524557405964,0.07408694809627496,0.0,1.0,0.0,0.0,0.0,0.04816458020440566,0.0,0.0,0.0,0.0,0.04161606455237725,0.0,0.08630169375813738,0.04200120857696436,0.0,0.0,0.0,0.0,0.0,0.06060316222293647,0.0,0.0,0.0,0.0,0.0,0.0,0.0,0.0,0.0,0.05162945309119658,0.0,0.0,0.0,0.0,0.0,0.0,0.0,0.0,0.0,0.0,0.0,0.05454921150757943,0.0,0.0,0.0,0.0,0.0,0.0,0.0,0.021060520542302334,0.05640610120259512,0.0,0.0,0.0,0.0,0.0,0.0,0.0,0.0,0.0,0.0,0.02499024009332315,0.0
0.0,0.0,0.03081960454509612,0.0,0.0,0.0,0.0,0.0,0.0,0.0,0.0,0.0,0.04224121548311845,0.0,0.0,0.0,0.0,0.0,0.0,0.0,0.0,0.0,0.0,0.0,0.0,0.13351940111092903,0.0,0.0,0.0,0.0,0.03353892354527688,0.0,0.0,0.0,0.0,0.0,0.0,0.0,0.0,1.0000000000000002,0.0,0.0,0.0,0.0,0.0,0.0,0.0,0.0,0.0,0.0,0.0,0.18969980722715385,0.0,0.0,0.0,0.0,0.0,0.19068481356784553,0.0,0.0,0.0,0.029787773436724965,0.0,0.0,0.0,0.0,0.0,0.0,0.04519931645757982,0.0,0.10061677063583065,0.0,0.0,0.0,0.17787747287296704,0.0,0.0,0.0,0.0,0.0,0.0,0.0,0.0,0.0,0.0,0.0,0.0,0.0,0.0,0.0,0.0,0.0,0.0,0.0,0.0,0.0,0.0,0.0,0.0,0.0
0.0,0.0,0.1096760624331345,0.0,0.0,0.0,0.0,0.0,0.0,0.0,0.0,0.0,0.0,0.0,0.0,0.0,0.0,0.0,0.0,0.0,0.0,0.0,0.0,0.0,0.0,0.0,0.0,0.0,0.0,0.0,0.0,0.0,0.0,0.0,0.0,0.0,0.0,0.0,0.0,0.0,1.0,0.0,0.0,0.0,0.0,0.0,0.18223423742283423,0.0,0.0,0.0,0.0,0.0,0.0,0.11620053996192364,0.0,0.039234244343119624,0.0,0.0,0.0,0.03957767281490197,0.0,0.0,0.0,0.0,0.0,0.0,0.0,0.0,0.0,0.1772141171710823,0.0,0.058623661358193496,0.0,0.0,0.0,0.0,0.0,0.0,0.0,0.0,0.0,0.0,0.0,0.09014170898936111,0.0,0.0,0.0,0.0,0.012181217343619384,0.0,0.0,0.0,0.0,0.0,0.0,0.06573295182769169,0.0,0.0,0.15689986859980826,0.0
0.0,0.11142789360613578,0.0,0.0,0.0,0.0,0.07340184770420002,0.0,0.0,0.0,0.0,0.0,0.0,0.0,0.0,0.0,0.0,0.0,0.0,0.047863716616329176,0.0,0.058185668989574786,0.0,0.0,0.0,0.0,0.0,0.0,0.0,0.0,0.0,0.03339869353708234,0.0,0.0,0.0,0.08539535668166685,0.0,0.0,0.0,0.0,0.0,1.0,0.0,0.0,0.0,0.0,0.0,0.0,0.0,0.0,0.0,0.0,0.0,0.0,0.0,0.0,0.0,0.0,0.0,0.0,0.0,0.0,0.0,0.0,0.0,0.0,0.0,0.0,0.0,0.0,0.0,0.07129597468715262,0.0,0.04820686176054076,0.0,0.0,0.0,0.0,0.0,0.0,0.0,0.0,0.0,0.0,0.0,0.0,0.0,0.0608040665317928,0.0,0.04380722464851232,0.0,0.0,0.0,0.0,0.0,0.0,0.0,0.0,0.0,0.02429829447524514
0.0,0.019523580421914093,0.0,0.0,0.0,0.0,0.0,0.0,0.0,0.0,0.0,0.0,0.0,0.1375464196338962,0.0,0.0,0.0,0.0,0.0,0.04109301848039102,0.0,0.0,0.0,0.0,0.0,0.0,0.0,0.0,0.0,0.05889385835200228,0.0,0.0,0.0,0.0,0.0,0.0,0.0,0.0,0.04816458020440566,0.0,0.0,0.0,1.0,0.016805667826948038,0.0,0.0,0.0,0.046951540613532114,0.0,0.019318687687480508,0.0,0.0,0.01887967851118055,0.022185732505943245,0.0,0.014981693722843165,0.0,0.0,0.0,0.0,0.0,0.0,0.0,0.0,0.0,0.0,0.0,0.0,0.0,0.0,0.0,0.0,0.0,0.0,0.0,0.0,0.0,0.0,0.03561505160830617,0.08669624436793019,0.019659191300030396,0.0,0.0,0.0,0.0,0.0,0.0,0.0,0.11773927429327631,0.0,0.0,0.0,0.0,0.0,0.0,0.0,0.0,0.0,0.0,0.0
0.0,0.0,0.0,0.0,0.0,0.07403612127535553,0.0,0.0,0.0,0.0,0.0,0.0,0.0,0.0,0.0,0.0,0.0,0.0,0.0,0.0,0.0,0.0,0.0,0.07465584327564094,0.10657404190605532,0.0,0.0,0.0,0.0,0.03278548930442951,0.0,0.0,0.0,0.04525591667444092,0.0,0.0,0.0,0.0,0.0,0.0,0.0,0.0,0.016805667826948038,0.9999999999999999,0.0,0.06404481929449238,0.0,0.017424898234278115,0.0,0.0,0.0,0.0,0.0,0.0,0.0,0.0,0.0,0.0,0.08765281548760616,0.12463894525075395,0.0,0.0,0.0,0.0,0.05974374481671601,0.0,0.0,0.0,0.0,0.0,0.0,0.0,0.0,0.0,0.0,0.0,0.0,0.0,0.019826462830841662,0.0,0.0,0.0,0.0,0.0,0.0,0.0,0.11022709353880356,0.0,0.0,0.0,0.0,0.0,0.0,0.0,0.0,0.025875971227321912,0.0,0.0,0.0,0.0
0.0,0.0,0.0,0.0,0.0,0.0,0.0,0.0,0.1020391780710209,0.0,0.0,0.0,0.0,0.0,0.0,0.0,0.0,0.0,0.0,0.0,0.0,0.060071888994594876,0.0,0.0,0.0,0.0,0.0,0.0,0.0,0.0,0.0,0.0,0.0,0.0,0.0,0.0,0.045806910366879484,0.0,0.0,0.0,0.0,0.0,0.0,0.0,0.9999999999999999,0.0,0.0,0.0,0.0,0.0,0.0,0.0,0.0,0.0,0.0,0.0,0.0,0.0,0.0,0.0,0.0,0.0,0.0,0.0,0.0,0.0,0.0,0.0,0.0,0.0,0.0,0.0,0.0,0.0,0.0,0.0,0.0,0.0,0.0,0.0,0.0,0.0,0.0,0.0,0.0,0.143999565006771,0.0,0.10985654367231662,0.0,0.0,0.0,0.0,0.0,0.0,0.0,0.0,0.0,0.0,0.05006160092200955,0.0
0.0,0.029761011415398202,0.0,0.0,0.03877542138085242,0.0,0.0,0.0,0.0,0.0,0.0,0.030017945777212354,0.0,0.05177051527660855,0.0,0.0,0.03341054425582782,0.0,0.0,0.0,0.020616690869760996,0.0,0.0,0.0,0.0,0.0,0.0,0.0,0.0,0.0,0.0,0.0,0.0,0.03442305603969344,0.0,0.0,0.0,0.0,0.0,0.0,0.0,0.0,0.0,0.06404481929449238,0.0,1.0,0.03683166302843249,0.0,0.0,0.0,0.0,0.0,0.0,0.0,0.0,0.0,0.0,0.0,0.0,0.0,0.0,0.0,0.0,0.05649002101752445,0.0,0.0,0.0,0.0,0.0,0.0,0.0,0.039495083748138926,0.0,0.0,0.0,0.0,0.0,0.009335189261247477,0.0,0.0,0.0,0.0,0.0,0.0,0.0,0.0,0.0,0.0,0.0,0.0,0.0,0.0,0.016094516284761946,0.1355992583605294,0.0,0.0,0.0,0.0,0.0,0.0
0.0,0.20251325872393736,0.0,0.0,0.0,0.0,0.0,0.0,0.0,0.0,0.0,0.06808720235447001,0.0,0.0,0.0,0.0,0.0,0.0,0.0,0.0,0.0,0.0,0.0,0.0,0.0,0.0,0.0,0.0,0.0,0.04525121404360786,0.0,0.0,0.0,0.0260263154983899,0.015132709379751412,0.0,0.0,0.0,0.0,0.0,0.18223423742283423,0.0,0.0,0.0,0.0,0.03683166302843249,1.0,0.0,0.011891988024250842,0.0,0.0,0.0,0.0,0.0,0.0,0.0,0.0,0.0,0.0,0.0,0.0,0.0,0.0,0.0,0.0,0.0,0.0,0.0,0.0,0.15598233600061526,0.0,0.0,0.0,0.0,0.0,0.0,0.0,0.0,0.0,0.0,0.0,0.0,0.0,0.0,0.0,0.0,0.0,0.0,0.0,0.0,0.0,0.0,0.10951754612500318,0.0,0.0,0.016071549086077323,0.06920740762968483,0.0,0.0,0.0
0.0,0.0,0.0,0.0,0.0,0.0,0.0,0.0,0.0,0.0,0.0,0.0,0.0,0.0,0.0,0.0,0.0,0.0,0.0,0.09434441084543035,0.0,0.0,0.0,0.0,0.0,0.0,0.0,0.0,0.0,0.0,0.0,0.0,0.0,0.0,0.1429450032607947,0.0,0.0,0.0,0.04161606455237725,0.0,0.0,0.0,0.046951540613532114,0.017424898234278115,0.0,0.0,0.0,0.9999999999999999,0.07488856199927862,0.03004577120413802,0.0,0.0,0.0,0.07667733194731798,0.0,0.0466011510853015,0.023076895767003412,0.0,0.0,0.0,0.0,0.0,0.0,0.0,0.0,0.0,0.0,0.0,0.0,0.0,0.0,0.0,0.0,0.0,0.0,0.0,0.0,0.03428807798979689,0.0,0.0,0.0,0.0,0.0,0.0,0.0,0.0,0.0,0.0687318705007212,0.0,0.0,0.0,0.007441966722187165,0.0,0.0,0.0,0.0,0.0,0.0,0.07460511323557183,0.0
0.0,0.0,0.0,0.0,0.0,0.026936866731719546,0.13128592103692152,0.0,0.0,0.0,0.0,0.0,0.0,0.0,0.0470588380034895,0.0,0.04494748986618011,0.0,0.0,0.0,0.0,0.0,0.0,0.0,0.042300297075120744,0.0,0.0,0.0,0.0,0.0,0.0,0.0,0.03015797377610359,0.0,0.10770486223300559,0.0,0.06348584335357273,0.0,0.0,0.0,0.0,0.0,0.0,0.0,0.0,0.0,0.011891988024250842,0.07488856199927862,0.9999999999999999,0.041084878060042775,0.0,0.0,0.05735891603232715,0.0,0.0,0.0,0.0,0.0,0.0,0.0,0.0,0.0,0.0,0.0,0.0,0.0,0.0,0.0,0.0,0.0,0.0,0.0,0.0,0.0,0.0,0.0,0.0,0.0,0.0,0.0,0.0,0.0,0.05206894587917282,0.0,0.11294121120837479,0.0,0.0,0.0,0.0,0.0,0.0,0.0,0.0,0.0,0.0,0.0,0.0,0.0,0.0,0.0
0.0,0.0,0.0,0.0,0.0,0.0,0.0,0.0,0.0,0.0,0.0,0.0,0.0,0.0,0.0,0.0,0.0,0.0,0.0,0.0262967181740016,0.0,0.0,0.0,0.0,0.0,0.0,0.0,0.03160697706205069,0.0,0.0,0.0,0.0,0.06990864070422755,0.0,0.0,0.14298486495941556,0.0,0.0,0.08630169375813738,0.0,0.0,0.0,0.019318687687480508,0.0,0.0,0.0,0.0,0.03004577120413802,0.041084878060042775,1.0,0.0,0.0,0.09396878982492021,0.022084766260487772,0.0,0.12942798544044556,0.0,0.0,0.0,0.0,0.01424426274733521,0.0,0.0,0.0,0.0,0.0,0.0,0.0,0.0,0.0,0.02658274701617392,0.0,0.0,0.0,0.0,0.0,0.0,0.0,0.0850871259623034,0.013698681548910695,0.0,0.0,0.08530244589991119,0.0,0.0,0.0,0.0,0.0,0.018603721950152405,0.0,0.0,0.0,0.0,0.0,0.0,0.0,0.0,0.06836560464926862,0.0,0.0
0.0,0.0,0.0,0.0,0.0,0.0,0.0,0.0,0.09664763289031936,0.0,0.0,0.0,0.0,0.0,0.0,0.0,0.0,0.0,0.0,0.0,0.0,0.03319038978485696,0.0,0.0,0.0,0.0,0.0,0.0,0.0,0.0,0.0,0.0,0.0,0.0,0.0,0.09206453877798777,0.0,0.0,0.04200120857696436,0.0,0.0,0.0,0.0,0.0,0.0,0.0,0.0,0.0,0.0,0.0,1.0,0.0,0.0,0.0,0.0,0.0,0.0,0.0,0.0,0.0,0.0,0.0,0.0,0.0,0.0,0.0,0.0,0.0,0.0,0.0,0.0,0.0,0.0,0.0,0.0,0.08235899070160226,0.0,0.0,0.0,0.0,0.0,0.0,0.0,0.0,0.0,0.0,0.0,0.06936796306513779,0.0,0.0,0.0,0.0,0.0,0.0,0.0,0.0,0.0,0.0,0.07222227267680051,0.0
0.0,0.0,0.0,0.0,0.0,0.0,0.0,0.0,0.0,0.0,0.0,0.0,0.0,0.0,0.0,0.0,0.0,0.0,0.0,0.0,0.0,0.0,0.0,0.0,0.0,0.0,0.0,0.0,0.0,0.0,0.0,0.0,0.010811425063918467,0.0,0.0,0.0,0.0,0.0,0.0,0.18969980722715385,0.0,0.0,0.0,0.0,0.0,0.0,0.0,0.0,0.0,0.0,0.0,1.0,0.0,0.0,0.0,0.05782439726310764,0.0,0.12154085117988597,0.0,0.0,0.0,0.0,0.0,0.0,0.0,0.0,0.0,0.0,0.0,0.0,0.0,0.0,0.0,0.0,0.0,0.0,0.0,0.0,0.0,0.0,0.0,0.0,0.0,0.0,0.0,0.0,0.0,0.0,0.0,0.0,0.0,0.0,0.0,0.0,0.0,0.0,0.0,0.0,0.0,0.0
0.0,0.032559571421507644,0.02864679364864083,0.0,0.0,0.05544868085722592,0.0,0.07127379773306937,0.0,0.0,0.0,0.0,0.0,0.0,0.1162429401736501,0.0,0.0,0.027534230772073537,0.0,0.0,0.053287061212259054,0.0,0.0,0.018637605340966777,0.0,0.0,0.0,0.0,0.0,0.0,0.0,0.0,0.0,0.0,0.0,0.0,0.0,0.0,0.0,0.0,0.0,0.0,0.01887967851118055,0.0,0.0,0.0,0.0,0.0,0.05735891603232715,0.09396878982492021,0.0,0.0,1.0,0.05549888338526148,0.0,0.0374775668378332,0.0,0.0,0.0,0.0,0.0,0.0,0.10657150720489576,0.0,0.0,0.0,0.0,0.05167732224293691,0.0,0.0,0.0,0.0,0.0,0.0,0.0,0.0,0.0,0.0,0.0,0.0,0.0,0.0,0.17268253651947338,0.0,0.0,0.0,0.0,0.0,0.06787558427667477,0.0,0.0,0.0,0.0,0.06675761633403222,0.0,0.0,0.0,0.0,0.012244674843963424,0.0
0.0,0.0,0.06412035143050278,0.0,0.0,0.0,0.05645714951678252,0.0,0.0,0.0,0.0,0.0,0.0,0.0,0.0,0.0,0.0,0.0,0.0,0.0,0.0,0.0,0.0,0.0,0.0,0.0,0.0,0.0,0.0,0.0,0.0,0.0,0.0,0.0,0.0,0.0,0.0,0.0,0.0,0.0,0.11620053996192364,0.0,0.022185732505943245,0.0,0.0,0.0,0.0,0.07667733194731798,0.0,0.022084766260487772,0.0,0.0,0.05549888338526148,1.0,0.0,0.07156553632845204,0.17447021498816156,0.0,0.0,0.0,0.0,0.0,0.0,0.0,0.0,0.0,0.0,0.0,0.0,0.0,0.10684742330332613,0.0,0.0,0.0,0.0,0.0,0.0,0.0,0.0,0.0,0.0,0.0,0.0,0.14053307970686252,0.0,0.0,0.0,0.09093689464033052,0.0,0.0,0.0,0.0,0.0,0.0,0.0,0.0,0.0,0.0,0.0,0.0
0.0,0.0,0.0,0.0,0.0,0.0,0.01893959774986716,0.0,0.0,0.04659475134766185,0.0,0.0,0.0,0.0,0.036206998397504214,0.03793637410762298,0.0,0.0,0.0,0.0,0.0,0.0,0.0,0.0,0.0,0.0,0.0,0.0,0.0,0.0,0.04213492842892521,0.0,0.0,0.0,0.0,0.0,0.0,0.0,0.0,0.0,0.0,0.0,0.0,0.0,0.0,0.0,0.0,0.0,0.0,0.0,0.0,0.0,0.0,0.0,1.0,0.0,0.0,0.024842969991645016,0.017745474228330494,0.0,0.0,0.0,0.0,0.0,0.0,0.0,0.0,0.0,0.0,0.0,0.0,0.03924528511455782,0.0,0.0,0.0,0.0,0.0,0.0,0.0,0.0,0.0,0.13973809785332175,0.0525810702088656,0.0,0.0,0.0,0.0,0.06275616201429338,0.0,0.0,0.0,0.0,0.009995451022529798,0.0,0.0,0.0,0.02526569587558862,0.0,0.0,0.0
0.0,0.0,0.0,0.0,0.0,0.0,0.0,0.04847852864511888,0.0,0.0,0.0,0.0,0.0,0.0,0.0,0.0,0.0,0.0806746616665763,0.06960300300537989,0.0,0.0,0.0,0.0,0.0,0.057580128795189,0.0,0.0,0.0,0.0,0.0,0.0,0.0,0.03753300249990917,0.0,0.0,0.0,0.0,0.0,0.0,0.0,0.039234244343119624,0.0,0.014981693722843165,0.0,0.0,0.0,0.0,0.0466011510853015,0.0,0.12942798544044556,0.0,0.05782439726310764,0.0374775668378332,0.07156553632845204,0.0,1.0000000000000002,0.04418142364711795,0.0,0.0,0.0,0.00994181730749336,0.0,0.0,0.0,0.0,0.0,0.0,0.015377919712758785,0.0,0.0,0.0,0.0,0.0,0.0,0.0,0.0,0.0,0.0,0.0,0.009561027603080295,0.0,0.0,0.0,0.0,0.0,0.0,0.0,0.0,0.0,0.0,0.0,0.0,0.0,0.0,0.0,0.07785304005707794,0.0,0.022090711823558973,0.0,0.023663346325934566
0.0,0.03684836574284868,0.0,0.0,0.0,0.0,0.0,0.0,0.0,0.0,0.0,0.0,0.0,0.0,0.0,0.0,0.0,0.015980040964310462,0.0,0.0,0.0,0.0,0.0,0.0,0.0,0.0,0.0,0.0,0.0,0.0,0.0,0.08590319557751014,0.0,0.0,0.0,0.0,0.0,0.0,0.06060316222293647,0.0,0.0,0.0,0.0,0.0,0.0,0.0,0.0,0.023076895767003412,0.0,0.0,0.0,0.0,0.0,0.17447021498816156,0.0,0.04418142364711795,1.0000000000000002,0.0,0.11792677807857971,0.0,0.0,0.0,0.0,0.021857088102417852,0.0,0.0,0.0,0.0,0.0,0.0,0.0,0.0,0.0,0.0,0.0,0.07360278338142079,0.0,0.043343596010884826,0.06721904585391789,0.0,0.0,0.0,0.0,0.0,0.060904921342191165,0.0,0.0,0.0,0.0,0.0,0.0,0.0,0.0,0.0,0.0,0.0,0.0,0.0,0.0,0.0
0.0,0.06109542365410294,0.0,0.0,0.024562537539453734,0.0,0.0,0.0,0.027525542269276376,0.0,0.058465662684900395,0.0,0.0,0.0,0.0,0.0,0.0,0.0,0.0,0.0,0.0,0.0,0.0,0.0,0.0,0.0,0.012477781547830283,0.0,0.0,0.0,0.125349122316548,0.0,0.0,0.0,0.0,0.05244052601910679,0.0,0.08401714796951501,0.0,0.19068481356784553,0.0,0.0,0.0,0.0,0.0,0.0,0.0,0.0,0.0,0.0,0.0,0.12154085117988597,0.0,0.0,0.024842969991645016,0.0,0.0,0.9999999999999999,0.0,0.0,0.0,0.0,0.09794590211427025,0.0,0.0,0.0,0.0,0.0,0.0,0.0,0.0,0.07297036905602369,0.0,0.0,0.0,0.0,0.08127832624370421,0.0,0.0,0.0,0.0,0.0,0.0,0.0,0.0,0.0,0.0,0.03556117554342865,0.0,0.0,0.0,0.05133864548679305,0.014159963621061153,0.0,0.0,0.0,0.0,0.07429179502868223,0.0,0.0
0.0,0.011637548610733043,0.0,0.06849927672102593,0.0636824316444091,0.0,0.0,0.0,0.0,0.03422733952159554,0.04872274648430127,0.0,0.0,0.0,0.0,0.0,0.0,0.0,0.0,0.0,0.0,0.0,0.0,0.0,0.0,0.0,0.0,0.0,0.0,0.0,0.0,0.13565087544548682,0.0,0.0,0.0,0.0,0.0,0.0,0.0,0.0,0.0,0.0,0.0,0.08765281548760616,0.0,0.0,0.0,0.0,0.0,0.0,0.0,0.0,0.0,0.0,0.017745474228330494,0.0,0.11792677807857971,0.0,1.0,0.03127918512128001,0.0,0.0,0.0,0.0,0.02332274332500844,0.0,0.0,0.0,0.031780581581423356,0.0,0.0,0.0,0.0,0.0,0.0,0.0,0.0,0.0,0.0,0.0,0.0,0.0,0.0,0.0,0.0,0.0,0.0,0.0,0.02599319308146429,0.0948937457538156,0.0,0.0,0.0,0.023860725780646425,0.0,0.0,0.0,0.0,0.0,0.0
0.0,0.0,0.11465613692719312,0.0,0.0,0.07397606893084137,0.0,0.0,0.0,0.0,0.0,0.0,0.0,0.17214367154038493,0.0,0.0,0.0,0.0,0.0,0.0,0.15234037462664254,0.0,0.0,0.0,0.0,0.0,0.0,0.07417754747626813,0.0,0.0,0.0,0.0,0.0,0.18087683437577698,0.0,0.0,0.12914788441435343,0.0,0.0,0.0,0.03957767281490197,0.0,0.0,0.12463894525075395,0.0,0.0,0.0,0.0,0.0,0.0,0.0,0.0,0.0,0.0,0.0,0.0,0.0,0.0,0.03127918512128001,1.0,0.0,0.0,0.0,0.0,0.06715719600368274,0.0,0.0,0.0,0.0,0.0,0.0,0.0,0.0,0.1824163516495389,0.04555909126806584,0.08518944472333578,0.0,0.0,0.0,0.0,0.0,0.0,0.0,0.0,0.0,0.0,0.0,0.0,0.0,0.06375691538532774,0.0,0.0,0.0,0.0,0.0,0.0,0.0,0.0,0.03920654109518572,0.0
0.0,0.0,0.0,0.0,0.0,0.0,0.0,0.0,0.0,0.06967675141103467,0.0,0.027442072454782883,0.05207745585970039,0.0,0.0,0.0,0.0,0.05393804727831516,0.03545575456034573,0.0,0.02423256388706176,0.0,0.0,0.0,0.0,0.0,0.0,0.0,0.0,0.0,0.0,0.0,0.022305853841601577,0.0,0.0,0.0,0.0,0.021379858665625282,0.0,0.0,0.0,0.0,0.0,0.0,0.0,0.0,0.0,0.0,0.0,0.01424426274733521,0.0,0.0,0.0,0.0,0.0,0.00994181730749336,0.0,0.0,0.0,0.0,0.9999999999999999,0.0,0.0,0.06639756360204338,0.0,0.0,0.04026428525473874,0.0,0.0,0.0,0.0,0.0,0.0,0.0,0.0,0.0,0.0,0.0,0.06617538447279707,0.005682116273280919,0.0,0.0,0.0,0.0,0.0,0.0,0.0,0.0,0.0,0.0,0.0,0.0,0.0,0.0,0.0,0.06169072254537362,0.0,0.0,0.0,0.0
0.0,0.0,0.0,0.0,0.0,0.0,0.0,0.0,0.0,0.0,0.0,0.055695599328702335,0.0,0.0,0.0,0.0,0.0,0.0,0.0,0.0,0.0,0.0,0.0,0.0,0.031904321117623605,0.0,0.0,0.0,0.0,0.0,0.0,0.0,0.0,0.0,0.0,0.0,0.0,0.0,0.0,0.029787773436724965,0.0,0.0,0.0,0.0,0.0,0.0,0.0,0.0,0.0,0.0,0.0,0.0,0.0,0.0,0.0,0.0,0.0,0.0,0.0,0.0,0.0,0.9999999999999999,0.0,0.0,0.0,0.0,0.0,0.0,0.0,0.0,0.0,0.0,0.0,0.0,0.0,0.0,0.0,0.0,0.0,0.10763434395466837,0.0,0.0,0.0,0.0,0.0,0.0,0.0,0.0,0.0730873040617163,0.0,0.023807555673640346,0.0,0.14930963914690312,0.0,0.0,0.0,0.12939870091395433,0.0,0.0,0.0
0.0,0.0,0.0,0.0,0.0,0.0,0.0,0.11816051118506697,0.0,0.04445194893424093,0.0,0.0,0.0,0.0,0.05828947081817707,0.015510751586588045,0.0,0.0,0.0,0.0,0.08834139042192626,0.0,0.07985881610459525,0.0,0.0,0.0,0.0,0.0,0.0,0.0,0.0,0.0,0.0,0.0,0.0,0.0,0.0,0.0,0.0,0.0,0.0,0.0,0.0,0.0,0.0,0.0,0.0,0.0,0.0,0.0,0.0,0.0,0.10657150720489576,0.0,0.0,0.0,0.0,0.09794590211427025,0.0,0.0,0.0,0.0,1.0000000000000002,0.0,0.0,0.0,0.0,0.0,0.0,0.0,0.0,0.0,0.0,0.0,0.0,0.0,0.0,0.0,0.0,0.0,0.0,0.0,0.0,0.0,0.0,0.0,0.0,0.0,0.0,0.0,0.0,0.0,0.0,0.0,0.0,0.10626409154383337,0.0,0.0,0.0,0.0
0.0,0.0,0.0,0.0,0.0,0.0,0.0,0.0,0.0,0.0,0.09752936273156643,0.0,0.0,0.0,0.0,0.0,0.0,0.0,0.0,0.0,0.0,0.0,0.0,0.0,0.0,0.0,0.07195233635105722,0.0,0.03050397073152733,0.0,0.0,0.0,0.08355614953096566,0.0,0.0,0.0,0.0,0.0,0.0,0.0,0.0,0.0,0.0,0.0,0.0,0.05649002101752445,0.0,0.0,0.0,0.0,0.0,0.0,0.0,0.0,0.0,0.0,0.021857088102417852,0.0,0.0,0.0,0.06639756360204338,0.0,0.0,0.9999999999999999,0.0,0.0,0.0,0.07189223654289023,0.0,0.0,0.0,0.0,0.0,0.0,0.0,0.0,0.0,0.0,0.0,0.0,0.09653060822477864,0.06115265533100845,0.08520535115759108,0.0,0.0,0.0,0.0,0.0,0.0,0.0,0.0,0.0,0.0,0.08255251173105503,0.0,0.0,0.0,0.0,0.0,0.0
0.0,0.0,0.0,0.0,0.027128527791054673,0.0,0.0,0.0,0.0,0.0,0.0,0.039377844613650306,0.0,0.0,0.0,0.0,0.0,0.07524814485698594,0.0,0.0,0.01893162839588395,0.0,0.0,0.0,0.0,0.0,0.0,0.0,0.0,0.0,0.0,0.0,0.0,0.0,0.0,0.0,0.0,0.0,0.0,0.0,0.0,0.0,0.0,0.05974374481671601,0.0,0.0,0.0,0.0,0.0,0.0,0.0,0.0,0.0,0.0,0.0,0.0,0.0,0.0,0.02332274332500844,0.06715719600368274,0.0,0.0,0.0,0.0,1.0,0.0,0.0,0.024785630555902223,0.09950748907710145,0.0,0.0,0.0,0.0,0.1261131465040518,0.08189266356489211,0.15312839527372524,0.028854411722001788,0.019593592973839138,0.0,0.03424478477817007,0.0,0.0,0.0,0.11471741492389051,0.0,0.0,0.0,0.05154996986447505,0.0,0.033956542550597844,0.0,0.0,0.0,0.07470980050840997,0.0,0.0,0.0,0.0,0.0,0.0
0.0,0.0,0.09540590626159415,0.0,0.0,0.0,0.0,0.0,0.0,0.0,0.0,0.0,0.0,0.0,0.0,0.0,0.0,0.0,0.015579719252580546,0.09129489432825036,0.0,0.1294800604071306,0.0,0.0,0.0,0.0,0.0,0.0,0.0,0.0,0.0,0.0,0.0,0.0,0.025524174466164666,0.03257649265672063,0.0,0.0,0.0,0.0,0.0,0.0,0.0,0.0,0.0,0.0,0.0,0.0,0.0,0.0,0.0,0.0,0.0,0.0,0.0,0.0,0.0,0.0,0.0,0.0,0.0,0.0,0.0,0.0,0.0,1.0000000000000002,0.0,0.04066034511583201,0.0,0.0,0.0,0.0,0.0,0.015324901134065868,0.0,0.0,0.0,0.028571474125473378,0.0,0.0,0.0,0.08715753242622769,0.0,0.0,0.0,0.0,0.025660902983028516,0.0,0.0,0.0,0.0,0.0,0.0,0.0,0.09436080063967761,0.0,0.0,0.0,0.0,0.0
0.0,0.0,0.0,0.0,0.15215010259201078,0.0,0.0,0.0,0.0,0.0,0.0,0.0,0.0,0.0,0.0,0.0,0.0,0.0,0.0,0.0,0.0,0.09519735355035643,0.0,0.03337161416663944,0.0,0.0,0.0,0.0,0.0,0.0,0.0,0.0,0.0,0.0,0.0,0.0,0.0,0.0,0.05162945309119658,0.0,0.0,0.0,0.0,0.0,0.0,0.0,0.0,0.0,0.0,0.0,0.0,0.0,0.0,0.0,0.0,0.0,0.0,0.0,0.0,0.0,0.04026428525473874,0.0,0.0,0.0,0.0,0.0,0.9999999999999999,0.0,0.0,0.0,0.0,0.0,0.0,0.0,0.0,0.0684045574686534,0.0,0.0,0.028632850559705384,0.0,0.11063554953294119,0.0,0.06429989066362389,0.0,0.0,0.0,0.0,0.0,0.0,0.0,0.0,0.0,0.0,0.0,0.0,0.0,0.0,0.0,0.0,0.0
0.0,0.0,0.0,0.0,0.0,0.0,0.0,0.0,0.0,0.07544279070246046,0.0,0.0,0.0,0.0,0.03391800130272898,0.0,0.0,0.0,0.06252063705632441,0.0,0.0,0.0,0.08433256764765157,0.0,0.0,0.0,0.0,0.0,0.07141865699012702,0.0,0.0,0.0,0.0,0.0,0.05031513559450259,0.0,0.0,0.0,0.0,0.0,0.0,0.0,0.0,0.0,0.0,0.0,0.0,0.0,0.0,0.0,0.0,0.0,0.05167732224293691,0.0,0.0,0.015377919712758785,0.0,0.0,0.0,0.0,0.0,0.0,0.0,0.07189223654289023,0.024785630555902223,0.04066034511583201,0.0,0.9999999999999999,0.0,0.0,0.10233266070061567,0.0,0.0,0.03884088293290736,0.044838513093806064,0.0,0.0,0.0,0.0,0.06328115887214555,0.0,0.0,0.0,0.0,0.0,0.0,0.0,0.0,0.0,0.0,0.08398265781648263,0.0,0.0,0.0,0.0,0.0,0.0,0.0,0.0,0.0
0.0,0.0,0.0,0.0,0.0,0.0,0.022895427362117676,0.0,0.0,0.09387798331530112,0.0,0.0,0.0,0.0,0.0,0.0,0.0,0.0,0.0,0.0,0.0,0.0,0.0,0.0,0.0,0.0,0.0,0.0,0.0,0.0,0.0,0.0,0.0,0.0,0.0,0.0,0.0,0.0,0.0,0.04519931645757982,0.0,0.0,0.0,0.0,0.0,0.0,0.0,0.0,0.0,0.0,0.0,0.0,0.0,0.0,0.0,0.0,0.0,0.0,0.031780581581423356,0.0,0.0,0.0,0.0,0.0,0.09950748907710145,0.0,0.0,0.0,1.0000000000000002,0.0,0.0,0.0,0.0,0.0,0.07232717276712437,0.0,0.0,0.0,0.0,0.0,0.0,0.0,0.0,0.0,0.0,0.0,0.03496973804326796,0.0,0.0,0.0,0.0,0.0,0.0,0.10180281439891584,0.022503502092984237,0.0,0.0,0.0,0.0,0.0
0.0,0.0,0.0,0.0,0.0,0.01840207540004459,0.15426461882703874,0.0,0.0,0.0,0.0,0.07356840189450924,0.0,0.0,0.0,0.0,0.0,0.0,0.0,0.02193151218498224,0.0,0.0,0.0,0.0,0.0,0.0,0.0,0.0,0.0,0.0,0.0,0.0,0.0,0.0,0.0,0.0,0.0,0.0,0.0,0.0,0.1772141171710823,0.0,0.0,0.0,0.0,0.0,0.15598233600061526,0.0,0.0,0.0,0.0,0.0,0.0,0.0,0.0,0.0,0.0,0.0,0.0,0.0,0.0,0.0,0.0,0.0,0.0,0.0,0.0,0.0,0.0,0.9999999999999998,0.0,0.0,0.0,0.012566040946419246,0.0,0.0,0.0,0.0,0.0,0.051182772730594045,0.0,0.0,0.0,0.0,0.0,0.054536441002544865,0.0,0.0,0.03909915811086662,0.0,0.0,0.0,0.0,0.0,0.0,0.0,0.0,0.0,0.0,0.0
0.0,0.0,0.0,0.0,0.0,0.0,0.0,0.0,0.0,0.0,0.0,0.0,0.0,0.0,0.0,0.0,0.0,0.0,0.0,0.0,0.0,0.06982956200792438,0.10598689313193273,0.0,0.0,0.0,0.0,0.0,0.0,0.0,0.0,0.0,0.0,0.0372876218696963,0.0,0.0,0.0,0.0,0.0,0.10061677063583065,0.0,0.0,0.0,0.0,0.0,0.0,0.0,0.0,0.0,0.02658274701617392,0.0,0.0,0.0,0.10684742330332613,0.0,0.0,0.0,0.0,0.0,0.0,0.0,0.0,0.0,0.0,0.0,0.0,0.0,0.10233266070061567,0.0,0.0,0.9999999999999998,0.0,0.0,0.0,0.05635183213350587,0.0,0.0,0.0,0.0,0.0,0.0,0.0,0.0,0.0,0.0,0.0,0.0,0.0,0.10800710666057525,0.0,0.0,0.0,0.0,0.0,0.0,0.0,0.0,0.0,0.0,0.0
0.0,0.0,0.04852348065243781,0.0,0.1886221770736233,0.0,0.0,0.0,0.0,0.05677201187838438,0.0,0.0,0.0,0.0,0.0,0.0,0.18284045773370874,0.0,0.0,0.14510193250171766,0.0,0.0,0.0,0.0,0.0,0.0,0.0,0.0,0.0,0.0,0.0,0.0,0.0,0.0,0.0,0.0,0.0,0.0,0.0,0.0,0.058623661358193496,0.07129597468715262,0.0,0.0,0.0,0.039495083748138926,0.0,0.0,0.0,0.0,0.0,0.0,0.0,0.0,0.03924528511455782,0.0,0.0,0.07297036905602369,0.0,0.0,0.0,0.0,0.0,0.0,0.0,0.0,0.0,0.0,0.0,0.0,0.0,1.0,0.0,0.0,0.0,0.0,0.0,0.0,0.0,0.0,0.0,0.04104477272634039,0.0,0.0,0.0,0.0,0.0,0.0,0.0,0.0,0.0,0.0,0.0,0.0,0.0,0.0,0.05936962136552909,0.0,0.0,0.0
0.0714174667318783,0.0,0.0,0.0,0.0,0.0,0.0,0.0,0.03359793938957421,0.0,0.0,0.0,0.013764400711349904,0.0,0.0,0.0,0.0,0.0,0.0,0.0,0.024907632494401866,0.0,0.0,0.0,0.0,0.0,0.06853724617906201,0.0,0.04519846147055686,0.0,0.0,0.0,0.0,0.0,0.0,0.0,0.0,0.0,0.0,0.0,0.0,0.0,0.0,0.0,0.0,0.0,0.0,0.0,0.0,0.0,0.0,0.0,0.0,0.0,0.0,0.0,0.0,0.0,0.0,0.0,0.0,0.0,0.0,0.0,0.0,0.0,0.0,0.0,0.0,0.0,0.0,0.0,0.9999999999999998,0.0,0.0,0.0,0.0,0.0,0.0,0.0,0.0,0.0,0.0,0.0,0.0,0.0,0.0,0.0,0.0,0.0,0.0,0.0,0.0,0.03931715150711773,0.0,0.0,0.0,0.0,0.0,0.0
0.060760459459298484,0.09136177731896143,0.0,0.0,0.0,0.11576514225863739,0.0,0.0,0.0,0.0,0.0,0.0,0.0,0.0,0.0,0.0,0.0,0.0,0.033485761428232494,0.0,0.0,0.0,0.0,0.0,0.0,0.0,0.0,0.0,0.0,0.0,0.0,0.018256134994138362,0.0,0.03019244144283752,0.0,0.0,0.0,0.0,0.0,0.0,0.0,0.04820686176054076,0.0,0.0,0.0,0.0,0.0,0.0,0.0,0.0,0.0,0.0,0.0,0.0,0.0,0.0,0.0,0.0,0.0,0.1824163516495389,0.0,0.0,0.0,0.0,0.1261131465040518,0.015324901134065868,0.0,0.03884088293290736,0.0,0.012566040946419246,0.0,0.0,0.0,1.0000000000000002,0.0855545003898909,0.15997554338635162,0.0,0.0,0.0,0.06708008061523647,0.0,0.020814355510536817,0.0,0.0,0.0,0.0,0.0,0.0,0.0,0.0,0.0379837187612817,0.0,0.0,0.0,0.0,0.0,0.0,0.0,0.0,0.0
0.0,0.0,0.0,0.0,0.0,0.0,0.0,0.0,0.0,0.0,0.0,0.0,0.0380214394905086,0.0,0.0,0.16308201826336055,0.0,0.0,0.0,0.0,0.0,0.0,0.0,0.0,0.0,0.04807247871148008,0.0,0.0,0.0,0.0,0.030188481500092432,0.0,0.04274909800354809,0.0,0.0,0.0,0.0,0.0,0.0,0.17787747287296704,0.0,0.0,0.0,0.0,0.0,0.0,0.0,0.0,0.0,0.0,0.0,0.0,0.0,0.0,0.0,0.0,0.0,0.0,0.0,0.04555909126806584,0.0,0.0,0.0,0.0,0.08189266356489211,0.0,0.0,0.044838513093806064,0.07232717276712437,0.0,0.05635183213350587,0.0,0.0,0.0855545003898909,1.0,0.10388150415966656,0.0,0.029907430227728956,0.0,0.0,0.0,0.0,0.0,0.0,0.0,0.0,0.04775247194224475,0.0,0.02760616391635089,0.0,0.0,0.0,0.0,0.0,0.0,0.077243648161442,0.0,0.0,0.0,0.0
0.0,0.0,0.0,0.0,0.0,0.09370913318240048,0.0,0.0,0.03470760293059558,0.0,0.0,0.0,0.0,0.0,0.0,0.0,0.0,0.0,0.0,0.0,0.0,0.014302995348951535,0.0,0.0,0.0,0.0,0.0,0.0,0.0,0.0,0.0,0.0,0.0,0.0,0.0,0.0,0.0,0.0,0.0,0.0,0.0,0.0,0.0,0.0,0.0,0.0,0.0,0.0,0.0,0.0,0.08235899070160226,0.0,0.0,0.0,0.0,0.0,0.07360278338142079,0.0,0.0,0.08518944472333578,0.0,0.0,0.0,0.0,0.15312839527372524,0.0,0.0684045574686534,0.0,0.0,0.0,0.0,0.0,0.0,0.15997554338635162,0.10388150415966656,0.9999999999999999,0.0,0.0,0.0,0.0,0.0,0.0,0.0,0.0,0.02328324469501142,0.0,0.0,0.02989328114307301,0.0,0.0,0.0,0.0,0.1249824156212971,0.0,0.05985398778507173,0.0,0.0,0.0,0.0,0.0
0.03127918512128001,0.06718941823114077,0.0,0.0,0.0,0.0,0.0,0.0,0.0,0.0,0.05626018159673846,0.0,0.0,0.0,0.051825299076890145,0.0,0.0,0.0,0.0,0.0,0.0,0.0,0.0,0.09615067132409871,0.0,0.0,0.0,0.0,0.0,0.0,0.0,0.0,0.0,0.0,0.0,0.0,0.0,0.0,0.0,0.0,0.0,0.0,0.0,0.0,0.0,0.0,0.0,0.0,0.0,0.0,0.0,0.0,0.0,0.0,0.0,0.0,0.0,0.08127832624370421,0.0,0.0,0.0,0.0,0.0,0.0,0.028854411722001788,0.0,0.0,0.0,0.0,0.0,0.0,0.0,0.0,0.0,0.0,0.0,1.0000000000000002,0.07903284016285403,0.0,0.0,0.0,0.0,0.0,0.0,0.0,0.0,0.07098177836347798,0.0,0.0,0.0,0.0,0.0,0.0,0.0,0.05481328785442615,0.0,0.0,0.0817020684819999,0.0,0.0
0.0,0.0,0.0,0.0,0.029722243120681762,0.0,0.0,0.0,0.0,0.0,0.12734495155209646,0.0,0.0,0.0,0.11730659256354206,0.0,0.0,0.0,0.00780378253217388,0.0,0.0,0.0,0.0,0.0,0.0,0.0,0.0,0.0,0.06721195115387957,0.0,0.0,0.0,0.0,0.0,0.0,0.0,0.0,0.0,0.0,0.0,0.0,0.0,0.0,0.0,0.0,0.009335189261247477,0.0,0.03428807798979689,0.0,0.0,0.0,0.0,0.0,0.0,0.0,0.0,0.043343596010884826,0.0,0.0,0.0,0.0,0.0,0.0,0.0,0.019593592973839138,0.028571474125473378,0.0,0.0,0.0,0.0,0.0,0.0,0.0,0.0,0.029907430227728956,0.0,0.07903284016285403,1.0,0.0,0.0,0.0,0.0,0.09734670805633247,0.0,0.0,0.0,0.006426691752664214,0.0,0.05944531832521294,0.0,0.0,0.010483264378028214,0.0,0.0,0.023632363196528373,0.0,0.0,0.0,0.0,0.0
0.03431258666200892,0.0,0.0,0.0,0.07202263595024049,0.0,0.0,0.0,0.0,0.0,0.0,0.0,0.0,0.0,0.0,0.0,0.0,0.06712400494644269,0.0,0.0,0.0,0.0,0.006923410427488231,0.0,0.0,0.0,0.065857564170497,0.0,0.0,0.0694799460279989,0.0,0.0,0.0,0.0,0.0,0.0,0.05843542772170441,0.0,0.05454921150757943,0.0,0.0,0.0,0.03561505160830617,0.019826462830841662,0.0,0.0,0.0,0.0,0.0,0.0850871259623034,0.0,0.0,0.0,0.0,0.0,0.0,0.06721904585391789,0.0,0.0,0.0,0.06617538447279707,0.0,0.0,0.0,0.0,0.0,0.028632850559705384,0.0,0.0,0.0,0.0,0.0,0.0,0.0,0.0,0.0,0.0,0.0,0.9999999999999999,0.0,0.0,0.0,0.0,0.0,0.0,0.0,0.0,0.0,0.0,0.0,0.042900256296281136,0.0,0.0,0.0,0.0,0.0,0.0,0.0,0.0,0.0
0.12374178950920596,0.0,0.0,0.0,0.0,0.0,0.0,0.0,0.0,0.0,0.0,0.0,0.0,0.07802619437669743,0.0,0.0,0.0,0.0,0.0,0.0,0.0,0.0,0.0,0.0,0.06170469958963533,0.0,0.0,0.0,0.0,0.0,0.05302003413176616,0.0,0.021451499026147215,0.0,0.0,0.0,0.0,0.0,0.0,0.0,0.0,0.0,0.08669624436793019,0.0,0.0,0.0,0.0,0.0,0.0,0.013698681548910695,0.0,0.0,0.0,0.0,0.0,0.009561027603080295,0.0,0.0,0.0,0.0,0.005682116273280919,0.10763434395466837,0.0,0.0,0.03424478477817007,0.0,0.0,0.06328115887214555,0.0,0.051182772730594045,0.0,0.0,0.0,0.06708008061523647,0.0,0.0,0.0,0.0,0.0,0.9999999999999999,0.0,0.0,0.0,0.0,0.0,0.05175584117037806,0.0,0.0,0.0667901609233494,0.0,0.0,0.0,0.0,0.0,0.0,0.0,0.07299371189176534,0.0,0.0,0.0
0.0,0.0,0.0,0.0,0.0,0.0,0.054717832987883054,0.0,0.023760876817778557,0.0,0.0,0.0,0.0,0.11611146534450408,0.02390961615338221,0.0,0.0,0.0,0.0,0.0,0.0,0.0,0.0,0.0,0.0,0.053845962677394936,0.0,0.0,0.0,0.0,0.0,0.0,0.0,0.0,0.0,0.0,0.0,0.020980773810579122,0.0,0.0,0.0,0.0,0.019659191300030396,0.0,0.0,0.0,0.0,0.0,0.0,0.0,0.0,0.0,0.0,0.0,0.0,0.0,0.0,0.0,0.0,0.0,0.0,0.0,0.0,0.09653060822477864,0.0,0.0,0.11063554953294119,0.0,0.0,0.0,0.0,0.0,0.0,0.0,0.0,0.0,0.0,0.0,0.0,0.0,1.0,0.05767331644348261,0.12400850479489825,0.0,0.0,0.0,0.0,0.0,0.0,0.0,0.0,0.0,0.0,0.03128127087865433,0.10536719003137257,0.04540438443180738,0.0,0.0,0.0,0.0
0.10078945394328019,0.0,0.0,0.0,0.0,0.0,0.0,0.0,0.0,0.0,0.0,0.0,0.0,0.0,0.0,0.04761101412606271,0.0,0.0,0.0,0.0,0.053564096516090544,0.0,0.0,0.0,0.07147997672870814,0.0,0.0,0.0,0.08747974251742553,0.0,0.0,0.0,0.0,0.0,0.0,0.0,0.013622829330517172,0.0,0.0,0.0,0.0,0.0,0.0,0.0,0.0,0.0,0.0,0.0,0.0,0.0,0.0,0.0,0.0,0.0,0.13973809785332175,0.0,0.0,0.0,0.0,0.0,0.0,0.0,0.0,0.06115265533100845,0.0,0.08715753242622769,0.0,0.0,0.0,0.0,0.0,0.04104477272634039,0.0,0.020814355510536817,0.0,0.0,0.0,0.0,0.0,0.0,0.05767331644348261,1.0,0.0,0.0,0.0,0.0,0.0,0.0,0.0,0.0,0.0,0.0,0.0,0.0,0.0,0.0,0.0,0.0,0.0,0.0
0.0,0.0,0.0,0.0,0.0,0.07550232541875196,0.0,0.04313367794090013,0.03883922282198064,0.0,0.0,0.0,0.0,0.0,0.0,0.0,0.0,0.0,0.0,0.0,0.0,0.025609015960706628,0.0,0.0,0.0,0.0,0.0,0.0,0.0,0.0,0.0,0.0,0.08587264379916529,0.0,0.0,0.00951362779201119,0.0,0.0,0.0,0.0,0.0,0.0,0.0,0.0,0.0,0.0,0.0,0.0,0.05206894587917282,0.08530244589991119,0.0,0.0,0.17268253651947338,0.0,0.0525810702088656,0.0,0.0,0.0,0.0,0.0,0.0,0.0,0.0,0.08520535115759108,0.0,0.0,0.06429989066362389,0.0,0.0,0.0,0.0,0.0,0.0,0.0,0.0,0.0,0.0,0.09734670805633247,0.0,0.0,0.12400850479489825,0.0,1.0,0.0,0.0,0.0,0.024980004483598953,0.0,0.0,0.0,0.0,0.0,0.0,0.0,0.0,0.0,0.0,0.0,0.0,0.0
0.032240876033320875,0.0,0.0,0.0,0.0,0.0,0.0,0.0,0.0,0.0,0.0,0.0,0.0,0.0,0.0,0.0,0.0,0.0,0.0,0.0,0.0,0.0,0.0,0.0,0.0,0.0,0.0,0.0,0.04197497987515173,0.0,0.0,0.02767748210085618,0.0,0.0,0.0,0.0,0.0,0.0,0.0,0.0,0.09014170898936111,0.0,0.0,0.0,0.0,0.0,0.0,0.0,0.0,0.0,0.0,0.0,0.0,0.14053307970686252,0.0,0.0,0.0,0.0,0.0,0.0,0.0,0.0,0.0,0.0,0.11471741492389051,0.0,0.0,0.0,0.0,0.0,0.0,0.0,0.0,0.0,0.0,0.0,0.0,0.0,0.0,0.0,0.0,0.0,0.0,1.0,0.0,0.0,0.029265656480093116,0.0,0.0,0.0,0.0,0.0,0.0,0.0,0.02306063022802012,0.0,0.0,0.0,0.0,0.0
0.0,0.0,0.0,0.0,0.0,0.13479000988800488,0.0,0.0,0.0,0.0,0.0,0.0,0.0,0.0,0.0,0.0,0.0,0.0,0.0,0.0,0.0,0.0,0.05018455851602061,0.0,0.04762517264931529,0.0,0.0,0.0,0.0,0.053720274863971386,0.0,0.0,0.0,0.0,0.11976596643107863,0.13375009404306792,0.0,0.0,0.0,0.0,0.0,0.0,0.0,0.0,0.0,0.0,0.0,0.0,0.11294121120837479,0.0,0.0,0.0,0.0,0.0,0.0,0.0,0.060904921342191165,0.0,0.0,0.0,0.0,0.0,0.0,0.0,0.0,0.0,0.0,0.0,0.0,0.0,0.0,0.0,0.0,0.0,0.0,0.02328324469501142,0.0,0.0,0.0,0.0,0.0,0.0,0.0,0.0,0.9999999999999999,0.0,0.0,0.0,0.0,0.10978059031187988,0.0,0.0,0.0,0.0,0.0,0.0,0.0,0.0,0.0,0.0
0.0,0.0,0.0,0.0,0.0,0.0,0.0,0.0,0.0,0.0,0.02371510627474387,0.0,0.0,0.0,0.0,0.0,0.0,0.0,0.0,0.0,0.0,0.051123425976548086,0.0,0.0,0.0,0.0,0.0,0.0,0.0,0.0,0.0,0.0,0.0,0.0,0.0,0.0,0.0,0.0,0.0,0.0,0.0,0.0,0.0,0.0,0.143999565006771,0.0,0.0,0.0,0.0,0.0,0.0,0.0,0.0,0.0,0.0,0.0,0.0,0.0,0.0,0.0,0.0,0.0,0.0,0.0,0.0,0.0,0.0,0.0,0.0,0.054536441002544865,0.0,0.0,0.0,0.0,0.0,0.0,0.0,0.0,0.0,0.05175584117037806,0.0,0.0,0.0,0.0,0.0,0.9999999999999998,0.0,0.0,0.0,0.0,0.0,0.0,0.0,0.0,0.0,0.0,0.0,0.0,0.010651074037450895,0.0
0.0,0.0,0.0,0.0,0.0,0.0,0.0,0.09610732043655723,0.0,0.0,0.0,0.0,0.0,0.0,0.06772923656153722,0.0,0.0,0.14808819370741022,0.0,0.0,0.0,0.0,0.0,0.0,0.04566039476492775,0.0,0.0,0.0,0.03380444551652831,0.0,0.027245760238849427,0.0,0.0,0.0,0.0,0.0,0.0,0.0,0.021060520542302334,0.0,0.0,0.0,0.0,0.11022709353880356,0.0,0.0,0.0,0.0,0.0,0.0,0.0,0.0,0.0,0.0,0.0,0.0,0.0,0.0,0.0,0.0,0.0,0.0,0.0,0.0,0.0,0.025660902983028516,0.0,0.0,0.03496973804326796,0.0,0.0,0.0,0.0,0.0,0.04775247194224475,0.0,0.07098177836347798,0.006426691752664214,0.0,0.0,0.0,0.0,0.024980004483598953,0.029265656480093116,0.0,0.0,1.0,0.0,0.0,0.0,0.0,0.0,0.0,0.0,0.021224938432740415,0.02743848243047909,0.0,0.05190425514560179,0.0,0.0
0.0,0.0,0.05029156116515315,0.0,0.037535063366188504,0.0,0.04428107651922146,0.0,0.0,0.0,0.0,0.0544832327128588,0.0,0.0,0.0,0.0,0.0,0.0,0.0,0.0,0.0,0.04457349082533305,0.0,0.08834316877758344,0.0,0.0,0.0,0.0,0.0,0.0,0.0,0.0,0.0,0.0,0.0,0.0,0.0,0.0,0.05640610120259512,0.0,0.0,0.0608040665317928,0.0,0.0,0.10985654367231662,0.0,0.0,0.0687318705007212,0.0,0.0,0.06936796306513779,0.0,0.0,0.09093689464033052,0.06275616201429338,0.0,0.0,0.03556117554342865,0.0,0.0,0.0,0.0,0.0,0.0,0.05154996986447505,0.0,0.0,0.0,0.0,0.0,0.0,0.0,0.0,0.0,0.0,0.02989328114307301,0.0,0.0,0.0,0.0,0.0,0.0,0.0,0.0,0.0,0.0,0.0,1.0,0.0,0.0,0.0,0.0,0.0,0.0,0.0,0.0,0.0,0.0,0.0,0.0
0.0,0.0,0.0,0.0,0.0,0.0,0.0,0.0,0.0,0.05308411140936342,0.07934370376512874,0.09102406023456373,0.0,0.10596476893267529,0.0,0.0,0.0,0.0,0.0,0.0,0.0,0.058643589605209906,0.0,0.05165761520569225,0.0,0.0,0.0,0.017122775865023514,0.0,0.0,0.0,0.0,0.0,0.0,0.0,0.0,0.0,0.0,0.0,0.0,0.012181217343619384,0.0,0.11773927429327631,0.0,0.0,0.0,0.0,0.0,0.0,0.018603721950152405,0.0,0.0,0.06787558427667477,0.0,0.0,0.0,0.0,0.0,0.02599319308146429,0.0,0.0,0.0730873040617163,0.0,0.0,0.0,0.0,0.0,0.0,0.0,0.03909915811086662,0.10800710666057525,0.0,0.0,0.0,0.02760616391635089,0.0,0.0,0.05944531832521294,0.0,0.0667901609233494,0.0,0.0,0.0,0.0,0.0,0.0,0.0,0.0,1.0000000000000002,0.0,0.02334540331151502,0.0,0.0,0.0,0.0,0.0,0.0,0.0,0.0,0.0
0.0,0.0,0.0,0.0,0.0,0.0,0.0,0.0,0.0,0.0,0.08110515487743267,0.0,0.0,0.0,0.0,0.0,0.0,0.0,0.0,0.0,0.0,0.06422731364300396,0.0,0.024246931161625095,0.0,0.0,0.07418364595724469,0.030004981709346713,0.0,0.0,0.0,0.0,0.0,0.0,0.0,0.0,0.0,0.0,0.0,0.0,0.0,0.04380722464851232,0.0,0.0,0.0,0.0,0.0,0.0,0.0,0.0,0.0,0.0,0.0,0.0,0.0,0.0,0.0,0.0,0.0948937457538156,0.06375691538532774,0.0,0.0,0.0,0.0,0.033956542550597844,0.0,0.0,0.0,0.0,0.0,0.0,0.0,0.0,0.0,0.0,0.0,0.0,0.0,0.0,0.0,0.0,0.0,0.0,0.0,0.10978059031187988,0.0,0.0,0.0,0.0,1.0,0.0,0.0,0.0,0.04255627137149864,0.0,0.0,0.0,0.0,0.0,0.0
0.0,0.0,0.0,0.10900861322918919,0.0,0.0,0.0,0.0,0.0,0.0,0.0,0.0,0.0,0.0,0.0,0.0,0.0,0.0,0.0,0.0,0.0,0.0,0.0,0.10096212187045568,0.0,0.0,0.0,0.0,0.0,0.0,0.0,0.0,0.05693808187057464,0.0,0.0,0.0,0.0,0.0,0.0,0.0,0.0,0.0,0.0,0.0,0.0,0.0,0.0,0.0,0.0,0.0,0.0,0.0,0.0,0.0,0.0,0.0,0.0,0.0,0.0,0.0,0.0,0.023807555673640346,0.0,0.0,0.0,0.0,0.0,0.08398265781648263,0.0,0.0,0.0,0.0,0.0,0.0379837187612817,0.0,0.0,0.0,0.0,0.042900256296281136,0.0,0.0,0.0,0.0,0.0,0.0,0.0,0.0,0.0,0.02334540331151502,0.0,1.0000000000000002,0.0,0.0,0.0,0.0,0.0,0.0,0.0,0.0,0.0
0.0,0.0,0.0,0.0,0.0,0.0,0.0,0.0,0.0,0.0,0.12437664233820869,0.0,0.0,0.0,0.0,0.0,0.0,0.0,0.0,0.0,0.03617532123267162,0.0,0.0,0.0,0.0,0.0,0.0,0.06165068289833124,0.0,0.0,0.0,0.0415538161591553,0.0,0.0,0.0,0.0,0.0,0.0,0.0,0.0,0.0,0.0,0.0,0.0,0.0,0.0,0.0,0.007441966722187165,0.0,0.0,0.0,0.0,0.0,0.0,0.0,0.0,0.0,0.05133864548679305,0.0,0.0,0.0,0.0,0.0,0.0,0.0,0.0,0.0,0.0,0.0,0.0,0.0,0.0,0.0,0.0,0.0,0.0,0.0,0.010483264378028214,0.0,0.0,0.0,0.0,0.0,0.0,0.0,0.0,0.0,0.0,0.0,0.0,0.0,1.0,0.0,0.0,0.0,0.1326158334049955,0.03915916466419491,0.0,0.0893772811794405,0.0
0.0,0.0884932330613618,0.0,0.0,0.05764861874843599,0.0,0.022669851148001734,0.0,0.0,0.0,0.0,0.0,0.0,0.0,0.0,0.0,0.0,0.0,0.12108838008392611,0.11086880286600397,0.0,0.0,0.0,0.0,0.0,0.0,0.029285527609747734,0.0,0.0,0.0,0.0,0.0,0.0,0.0,0.0,0.0,0.0,0.0,0.0,0.0,0.0,0.0,0.0,0.0,0.0,0.016094516284761946,0.10951754612500318,0.0,0.0,0.0,0.0,0.0,0.0,0.0,0.009995451022529798,0.0,0.0,0.014159963621061153,0.0,0.0,0.0,0.14930963914690312,0.0,0.0,0.0,0.0,0.0,0.0,0.0,0.0,0.0,0.0,0.0,0.0,0.0,0.1249824156212971,0.0,0.0,0.0,0.0,0.0,0.0,0.0,0.0,0.0,0.0,0.0,0.0,0.0,0.0,0.0,0.0,1.0,0.0,0.0,0.0,0.03024190757453086,0.0,0.0,0.0
0.0,0.06627304500343502,0.0,0.0,0.0,0.0,0.0,0.0,0.0,0.0,0.03641719491766899,0.0,0.0,0.08105956451714028,0.0,0.0,0.0,0.057481299516791505,0.0,0.0,0.0,0.0,0.0,0.0,0.0,0.0,0.1239848167254355,0.019647540908034014,0.0,0.0,0.0,0.0,0.0,0.0,0.0,0.0,0.04925899193366525,0.0,0.0,0.0,0.0,0.0,0.0,0.0,0.0,0.1355992583605294,0.0,0.0,0.0,0.0,0.0,0.0,0.06675761633403222,0.0,0.0,0.0,0.0,0.0,0.023860725780646425,0.0,0.0,0.0,0.0,0.08255251173105503,0.07470980050840997,0.0,0.0,0.0,0.10180281439891584,0.0,0.0,0.0,0.03931715150711773,0.0,0.0,0.0,0.0,0.0,0.0,0.0,0.03128127087865433,0.0,0.0,0.0,0.0,0.0,0.0,0.0,0.0,0.04255627137149864,0.0,0.0,0.0,0.9999999999999998,0.0,0.0,0.0,0.0,0.0,0.0
0.0,0.0,0.0,0.0,0.0,0.0,0.0,0.0,0.02750066603982107,0.0,0.0,0.02137260823841421,0.06759882196559432,0.0,0.027672815865216416,0.0,0.0,0.0,0.0,0.0,0.0,0.0,0.0,0.07701141730762948,0.0,0.0,0.005609927134532144,0.0,0.0,0.0,0.0,0.0,0.0,0.0,0.0,0.0,0.0,0.0,0.0,0.0,0.0,0.0,0.0,0.0,0.0,0.0,0.0,0.0,0.0,0.0,0.0,0.0,0.0,0.0,0.0,0.0,0.0,0.0,0.0,0.0,0.0,0.0,0.0,0.0,0.0,0.09436080063967761,0.0,0.0,0.022503502092984237,0.0,0.0,0.0,0.0,0.0,0.0,0.05985398778507173,0.05481328785442615,0.023632363196528373,0.0,0.0,0.10536719003137257,0.0,0.0,0.02306063022802012,0.0,0.0,0.021224938432740415,0.0,0.0,0.0,0.0,0.0,0.0,0.0,1.0,0.0,0.022069070483343476,0.0,0.0,0.022361820713324272
0.0,0.010821883412392756,0.08765720826324125,0.0,0.0,0.0,0.06986215822211454,0.0,0.0,0.0,0.0,0.027288278693415255,0.0,0.042356510119291056,0.0,0.0,0.0,0.0,0.0,0.0,0.0,0.0,0.0,0.0,0.10852829926145789,0.068748979240886,0.0,0.0,0.0,0.0,0.0,0.0,0.0,0.0,0.0,0.0,0.0,0.02232304137333162,0.0,0.0,0.06573295182769169,0.0,0.0,0.025875971227321912,0.0,0.0,0.016071549086077323,0.0,0.0,0.0,0.0,0.0,0.0,0.0,0.0,0.07785304005707794,0.0,0.0,0.0,0.0,0.06169072254537362,0.0,0.10626409154383337,0.0,0.0,0.0,0.0,0.0,0.0,0.0,0.0,0.0,0.0,0.0,0.077243648161442,0.0,0.0,0.0,0.0,0.0,0.04540438443180738,0.0,0.0,0.0,0.0,0.0,0.02743848243047909,0.0,0.0,0.0,0.0,0.1326158334049955,0.0,0.0,0.0,1.0000000000000002,0.047549553137937434,0.11514446732432362,0.0,0.0
0.0,0.0,0.0,0.0,0.0,0.0,0.05730302348130663,0.0,0.0,0.0,0.0,0.042974705561521054,0.0,0.0,0.0,0.0,0.0,0.0,0.0,0.0,0.0,0.0,0.0,0.0,0.0,0.0,0.0,0.0,0.0,0.0,0.0,0.0,0.0,0.02874737265970182,0.0,0.0,0.0,0.0,0.0,0.0,0.0,0.0,0.0,0.0,0.0,0.0,0.06920740762968483,0.0,0.0,0.0,0.0,0.0,0.0,0.0,0.02526569587558862,0.0,0.0,0.0,0.0,0.0,0.0,0.12939870091395433,0.0,0.0,0.0,0.0,0.0,0.0,0.0,0.0,0.0,0.05936962136552909,0.0,0.0,0.0,0.0,0.0,0.0,0.0,0.07299371189176534,0.0,0.0,0.0,0.0,0.0,0.0,0.0,0.0,0.0,0.0,0.0,0.03915916466419491,0.03024190757453086,0.0,0.022069070483343476,0.047549553137937434,0.9999999999999998,0.0,0.0,0.0
0.0,0.061413942904747804,0.04631455880667265,0.0,0.0,0.0,0.0,0.0,0.018830322903968855,0.0,0.0,0.0,0.0,0.0,0.0,0.0,0.0,0.0,0.0,0.0,0.0,0.0,0.02595975942933194,0.04519838131801097,0.04562189901360843,0.0,0.0,0.0,0.04885449242326945,0.0,0.0,0.0,0.0,0.0,0.0,0.0,0.0,0.0,0.0,0.0,0.0,0.0,0.0,0.0,0.0,0.0,0.0,0.0,0.0,0.06836560464926862,0.0,0.0,0.0,0.0,0.0,0.022090711823558973,0.0,0.07429179502868223,0.0,0.0,0.0,0.0,0.0,0.0,0.0,0.0,0.0,0.0,0.0,0.0,0.0,0.0,0.0,0.0,0.0,0.0,0.0817020684819999,0.0,0.0,0.0,0.0,0.0,0.0,0.0,0.0,0.0,0.05190425514560179,0.0,0.0,0.0,0.0,0.0,0.0,0.0,0.0,0.11514446732432362,0.0,1.0,0.0,0.0
0.0,0.0,0.0712999855768738,0.0,0.05701573160798387,0.0,0.0,0.0,0.0,0.0,0.022901615981607067,0.0,0.0,0.0,0.0,0.0,0.07676119934393914,0.0,0.0,0.045688185634673535,0.0,0.0,0.0,0.0,0.0,0.0,0.05430753866417046,0.0,0.0,0.0,0.0,0.0,0.0,0.0,0.0,0.0,0.0,0.0,0.02499024009332315,0.0,0.15689986859980826,0.0,0.0,0.0,0.05006160092200955,0.0,0.0,0.07460511323557183,0.0,0.0,0.07222227267680051,0.0,0.012244674843963424,0.0,0.0,0.0,0.0,0.0,0.0,0.03920654109518572,0.0,0.0,0.0,0.0,0.0,0.0,0.0,0.0,0.0,0.0,0.0,0.0,0.0,0.0,0.0,0.0,0.0,0.0,0.0,0.0,0.0,0.0,0.0,0.0,0.0,0.010651074037450895,0.0,0.0,0.0,0.0,0.0,0.0893772811794405,0.0,0.0,0.0,0.0,0.0,0.0,1.0,0.0278326482038102
0.0,0.0,0.0,0.04537735709160588,0.0,0.0,0.07583759477541231,0.0,0.0,0.0,0.0,0.0,0.0,0.0,0.05436727805880645,0.0,0.05192802846978067,0.0,0.0,0.0,0.0,0.0,0.0,0.0,0.0,0.0,0.025716877883430262,0.0,0.0,0.0,0.1312234920719868,0.0,0.0,0.0,0.0,0.0,0.0,0.0692641949584962,0.0,0.0,0.0,0.02429829447524514,0.0,0.0,0.0,0.0,0.0,0.0,0.0,0.0,0.0,0.0,0.0,0.0,0.0,0.023663346325934566,0.0,0.0,0.0,0.0,0.0,0.0,0.0,0.0,0.0,0.0,0.0,0.0,0.0,0.0,0.0,0.0,0.0,0.0,0.0,0.0,0.0,0.0,0.0,0.0,0.0,0.0,0.0,0.0,0.0,0.0,0.0,0.0,0.0,0.0,0.0,0.0,0.0,0.0,0.022361820713324272,0.0,0.0,0.0,0.0278326482038102,0.9999999999999998
