1,10,100,11,12,13,14,15,16,17,18,19,2,20,21,22,23,24,25,26,27,28,29,3,30,31,32,33,34,35,36,37,38,39,4,40,41,42,43,44,45,46,47,48,49,5,50,51,52,53,54,55,56,57,58,59,6,60,61,62,63,64,65,66,67,68,69,7,70,71,72,73,74,75,76,77,78,79,8,80,81,82,83,84,85,86,87,88,89,9,90,91,92,93,94,95,96,97,98,99,a,b,c
0.9999999999999996,0.0,0.0,0.06951799059716571,0.0,0.0,0.0,0.041399283794963056,0.0,0.0,0.0,0.0,0.0,0.0,0.0,0.04085605045877877,0.0,0.0,0.037687163423482245,0.0,0.05437126807016488,0.05207869422083699,0.0,0.0,0.0,0.04851161967436667,0.0,0.013605731810969947,0.0,0.08688689531438532,0.04251963890549462,0.0,0.0852987460011818,0.0,0.02669021920058724,0.0,0.0,0.07981268281200557,0.0,0.010955104196481956,0.0,0.023724208197673277,0.0,0.0,0.0,0.0,0.0,0.0,0.0,0.05284756011585446,0.0,0.0,0.0,0.0,0.0,0.0,0.05655577079693599,0.0,0.07063616203535313,0.0,0.0,0.0,0.08258260828237249,0.0,0.0,0.08984545554234231,0.0,0.0,0.0,0.0,0.030829790418485124,0.0,0.0,0.0,0.031204323970714827,0.0,0.0,0.07075186426201442,0.06402992177081054,0.0,0.0,0.0,0.13433420295715257,0.0,0.02102026454457452,0.0,0.0,0.0,0.0,0.07161923463038494,0.0,0.0,0.0,0.0,0.0,0.0,0.0,0.0,0.0,0.0,0.0,0.0,0.0
0.0,1.0,0.0,0.07270012929190973,0.0,0.0,0.0,0.0,0.0,0.046857798631842085,0.12909288954172327,0.0,0.0839963025641399,0.0,0.0,0.0,0.0,0.0,0.0,0.11503741746952285,0.0,0.0,0.0,0.0,0.0,0.0,0.0,0.0,0.0,0.0,0.0,0.0,0.05946882535445928,0.0,0.0,0.0,0.0,0.0,0.08985177514581029,0.0,0.0,0.0,0.0,0.052866634425200856,0.0,0.026511700634624963,0.0,0.0,0.0,0.06140735689313832,0.0,0.0,0.0,0.0,0.0,0.1190447795470039,0.09505377756071211,0.0,0.0,0.0,0.07032905314206933,0.0,0.0,0.0,0.0,0.0,0.0,0.0,0.09681493258247822,0.04317036029075543,0.07254225694643264,0.0,0.06346320860269361,0.0,0.11693377235754726,0.04872098703897105,0.0,0.0,0.0,0.0,0.0,0.0,0.0,0.10064205953721622,0.0915935535183978,0.0,0.0,0.0,0.0,0.0,0.0,0.1151184138232623,0.0,0.0,0.0,0.0,0.0,0.0,0.027082677585049224,0.0,0.0,0.0,0.0
0.0,0.0,1.0,0.0,0.0,0.0,0.0,0.0,0.0,0.031108759906861953,0.0,0.0,0.0,0.0,0.0,0.0,0.0,0.0,0.0,0.0,0.0,0.0,0.0,0.0,0.0,0.0,0.0,0.0,0.0,0.05745181723223259,0.0,0.0,0.0,0.0,0.0,0.0,0.0,0.0,0.0,0.0,0.0,0.02196186681303935,0.0,0.0,0.0,0.03911342894393742,0.0,0.0,0.052611714629463194,0.0,0.0,0.0,0.0,0.0,0.07834536532308364,0.0,0.0,0.1396273258635976,0.0,0.0,0.0,0.08278838138148044,0.0,0.10206481365118564,0.0,0.0,0.0,0.0,0.0,0.0,0.0,0.03678468726956907,0.0,0.0,0.0,0.0,0.0,0.0,0.0,0.0,0.0,0.0,0.0,0.0,0.0,0.0,0.0,0.0,0.012941024259122467,0.0,0.0,0.0,0.08835399916403774,0.0,0.016714713138843835,0.0,0.0,0.0,0.08390719402952727,0.0,0.0,0.0,0.0
0.06951799059716571,0.07270012929190973,0.0,1.0,0.02886662252809026,0.0,0.0,0.0,0.0,0.0,0.0,0.0,0.0,0.0,0.0974888074831188,0.11667667023938962,0.0,0.0,0.0,0.0,0.0,0.0,0.0,0.04431114643937592,0.0,0.0,0.0,0.0,0.0,0.0,0.0,0.0,0.0,0.0,0.0,0.08524562129747117,0.0,0.0,0.06404643941729077,0.0,0.0,0.0,0.0,0.0,0.0,0.0,0.0,0.0,0.0,0.0,0.0,0.0,0.0,0.11081592755501672,0.0,0.06421477888421036,0.012818406089281689,0.0,0.0,0.0,0.0,0.0,0.026648512382766575,0.0,0.03139855423452492,0.014254475939994604,0.0,0.0,0.0,0.0,0.0,0.0,0.0,0.0,0.0,0.0,0.0,0.0,0.0,0.0,0.0,0.0,0.0,0.05428803870464663,0.033349806441990634,0.0,0.0,0.0,0.0,0.0,0.0,0.0,0.0,0.0,0.0,0.0,0.027679878770982873,0.0,0.0,0.0,0.0,0.0,0.0
0.0,0.0,0.0,0.02886662252809026,1.0,0.09055273787252194,0.0,0.015041794246061037,0.0,0.0,0.053821080337058944,0.0,0.0,0.0,0.05315659367510053,0.0,0.0,0.0,0.0,0.057096557788869615,0.0,0.0,0.04804140011225576,0.0,0.0,0.0,0.0,0.0,0.0,0.0,0.07356599084233169,0.0,0.0,0.0,0.0,0.0,0.0,0.0,0.0,0.0,0.0,0.014776846042382165,0.0,0.0,0.0,0.0,0.0,0.0,0.0,0.0,0.0,0.024844432958344313,0.09664493348020478,0.03625399090941646,0.04303182016909111,0.0,0.0,0.0,0.0,0.0,0.0,0.0,0.0,0.03433669939143195,0.0,0.0,0.0,0.0,0.0,0.0,0.0,0.0,0.0,0.0,0.0,0.057319592066885375,0.0,0.0,0.0,0.0,0.0,0.0,0.0,0.0,0.010910557771385922,0.0,0.0,0.0,0.0,0.0,0.0,0.0,0.0,0.0,0.0,0.0,0.0,0.0,0.0,0.04502962939394678,0.20614891875811928,0.0,0.0
0.0,0.0,0.0,0.0,0.09055273787252194,1.0,0.0,0.0,0.0,0.0,0.027646338150762468,0.0,0.0,0.0,0.08155096469110101,0.0,0.0,0.0814262934629397,0.0,0.0,0.0,0.0,0.0,0.0,0.0,0.0,0.03435865386822451,0.03047159396526868,0.0,0.0,0.0,0.0,0.0,0.0,0.0,0.0,0.0,0.0,0.0,0.0,0.0,0.0,0.0,0.0,0.0,0.0,0.0,0.02766799607664634,0.0,0.023671632166188398,0.0,0.0,0.0,0.0,0.0,0.0,0.0,0.0,0.0,0.0,0.0,0.0,0.0,0.0,0.0,0.0,0.0,0.0,0.0,0.0,0.0,0.0,0.0,0.06958429320548376,0.0,0.0,0.0,0.0,0.17925292488263478,0.0,0.0,0.0,0.0,0.0,0.0,0.0,0.0,0.0,0.021916057495567038,0.0,0.0,0.0,0.010469769324861954,0.0,0.0,0.04219594747164269,0.0,0.0,0.0,0.0,0.0,0.0,0.0
0.0,0.0,0.0,0.0,0.0,0.0,1.0,0.0,0.0,0.0,0.0225288660017421,0.0,0.0,0.06491681911017046,0.0,0.0,0.0,0.0,0.0,0.0,0.0,0.0,0.0,0.055062492060185875,0.0,0.0,0.0,0.0,0.0,0.0,0.0,0.0,0.0,0.0,0.0,0.0,0.0,0.0,0.0,0.0,0.0,0.0,0.0,0.0,0.0,0.0,0.0,0.0,0.0,0.0,0.0,0.0,0.0,0.0,0.0,0.0,0.0,0.0,0.0,0.0,0.0,0.0,0.0,0.0,0.0,0.015372424694063505,0.0,0.0,0.0,0.0,0.0,0.0,0.0,0.0,0.0,0.0,0.0,0.0,0.0,0.0,0.0,0.0,0.0,0.0,0.0,0.0,0.0,0.0,0.0,0.0,0.0,0.0,0.0,0.0,0.0,0.0,0.136460588836861,0.0,0.0,0.0,0.0,0.0,0.0
0.041399283794963056,0.0,0.0,0.0,0.015041794246061037,0.0,0.0,1.0000000000000002,0.03042788103652739,0.06429555619553987,0.05510828803955829,0.022421643645324212,0.06829917592333588,0.0,0.050799381951524135,0.0,0.10305365796054854,0.0,0.0,0.0,0.09102345167361783,0.06150647775127669,0.12297594634991538,0.0,0.0,0.0,0.0,0.0,0.0,0.0,0.012554237694801657,0.0,0.0,0.0,0.01745830415591116,0.0,0.0,0.0,0.0,0.0,0.0,0.0,0.0672375990199735,0.0,0.0,0.0,0.0,0.0,0.03313915218985619,0.04369017177512431,0.0,0.0,0.0,0.0,0.0,0.0,0.0,0.0,0.0,0.0,0.0,0.0,0.0,0.0,0.0,0.09549912561251664,0.0,0.0,0.0,0.0,0.0,0.0,0.0,0.0,0.0,0.0,0.0,0.0483454538567871,0.0,0.0,0.0,0.0,0.06608342439961061,0.0,0.0,0.0,0.0,0.0,0.0,0.0,0.0,0.0,0.0,0.0,0.0,0.0,0.0,0.0,0.0,0.046106577040363105,0.0,0.0,0.0
0.0,0.0,0.0,0.0,0.0,0.0,0.0,0.03042788103652739,0.9999999999999999,0.0,0.0,0.0,0.0,0.18126051544235408,0.02867463782922111,0.0,0.0,0.0,0.0,0.0,0.0,0.0,0.0,0.14481503726200723,0.0,0.0,0.0,0.0,0.0,0.13901632529811467,0.0,0.0,0.0,0.0,0.0,0.0,0.0,0.0,0.0,0.0,0.0,0.0,0.0,0.0,0.0,0.0,0.0,0.0,0.0,0.0,0.0,0.0,0.0,0.07243239666596928,0.0,0.0,0.04524373556072258,0.0,0.0,0.0,0.0,0.0,0.0,0.0,0.0,0.0,0.0,0.0,0.0,0.0,0.0,0.0,0.027186519372353914,0.0,0.0,0.0,0.0,0.0,0.0,0.0,0.0,0.0,0.0,0.0,0.11771118914108768,0.0,0.0,0.0,0.0,0.0,0.0,0.0,0.0,0.0,0.0,0.0,0.0,0.05983790920955755,0.0,0.0,0.0,0.0,0.0
0.0,0.046857798631842085,0.031108759906861953,0.0,0.0,0.0,0.0,0.06429555619553987,0.0,1.0000000000000002,0.0894662552698073,0.10920211271131913,0.0,0.0,0.0,0.0,0.0,0.0,0.0,0.0,0.0,0.0,0.0,0.20111068619083194,0.0,0.0,0.0,0.0,0.0,0.0,0.0,0.0,0.0,0.0,0.0,0.012362357454923109,0.0,0.0,0.0338888047538043,0.0,0.0,0.008187802200866826,0.0,0.0,0.0,0.0,0.0,0.0,0.0,0.0,0.0,0.0,0.0,0.0,0.0,0.0,0.03253129045407488,0.0,0.0,0.0,0.0,0.0,0.0,0.0,0.0,0.0,0.0,0.0,0.0,0.0,0.0,0.0,0.0,0.05957184687364054,0.029914923275739087,0.0,0.0,0.0,0.0,0.0,0.0,0.0,0.0919576978360642,0.0,0.0,0.08093093993986189,0.0,0.0,0.0,0.09197225155900668,0.0,0.0,0.0,0.0,0.0,0.0,0.0,0.0,0.0,0.0,0.0,0.0,0.0
0.0,0.12909288954172327,0.0,0.0,0.053821080337058944,0.027646338150762468,0.0225288660017421,0.05510828803955829,0.0,0.0894662552698073,0.9999999999999999,0.0,0.0,0.0,0.0,0.0,0.0,0.0,0.03344462137108844,0.13945559513377329,0.0,0.0,0.0,0.0,0.028003844631704675,0.03075038601105745,0.03457603106215213,0.0,0.04598685515650329,0.0,0.13476104469107333,0.021336747486085182,0.042053580115478426,0.0,0.09370140042669732,0.0,0.0,0.0,0.0,0.0,0.0,0.021053512348071058,0.0,0.0,0.0,0.0,0.0,0.0,0.0,0.0,0.0,0.0,0.07376581245155435,0.0,0.0,0.010995319738719861,0.0,0.0,0.0,0.0,0.0,0.0,0.0,0.0,0.0,0.045560753614271414,0.0,0.0,0.0,0.033493649180470236,0.0,0.0,0.0,0.0,0.023735633163877067,0.0,0.0,0.0,0.04058707633195388,0.0,0.0,0.0,0.0,0.07436473085074974,0.0,0.0,0.0,0.0,0.0,0.016892191635228596,0.0,0.0,0.0,0.0,0.0,0.0,0.0,0.0,0.0,0.0,0.0,0.0,0.0
0.0,0.0,0.0,0.0,0.0,0.0,0.0,0.022421643645324212,0.0,0.10920211271131913,0.0,0.9999999999999999,0.0,0.0,0.0,0.0,0.0,0.0,0.0740850162404197,0.029788303703075742,0.0,0.027857341785567397,0.0,0.07843262236089557,0.0,0.0,0.0,0.0,0.0,0.0,0.0,0.0,0.0,0.0,0.0,0.0,0.0,0.0,0.06302915255458802,0.0329623848362323,0.09033485962121492,0.0,0.0,0.0,0.0,0.0,0.055153205529474024,0.040144893230956026,0.06253871697668434,0.0,0.0,0.0,0.0,0.0,0.0,0.0,0.0,0.0,0.0,0.0,0.0,0.0,0.0,0.0,0.0,0.0,0.0,0.0,0.0,0.0,0.0,0.023912316476539797,0.0,0.0,0.0,0.06645481046096512,0.0,0.02737060959077072,0.0,0.0,0.0,0.0,0.09620459888646213,0.0,0.0,0.0,0.0,0.0,0.0,0.0,0.0,0.0,0.0,0.0,0.0,0.0,0.0,0.01714737642203043,0.0,0.0,0.0,0.0,0.0
0.0,0.0839963025641399,0.0,0.0,0.0,0.0,0.0,0.06829917592333588,0.0,0.0,0.0,0.0,1.0,0.043815891050221586,0.0,0.0,0.0,0.0,0.0552667039139046,0.0,0.0,0.04073136155330672,0.0,0.0,0.0,0.09337168584898954,0.0,0.0,0.0,0.05460691061963487,0.0,0.0,0.037526150375148754,0.0,0.0,0.0,0.0,0.07524133566158527,0.0,0.0,0.0,0.0,0.09938989993219641,0.0,0.0,0.0,0.0,0.0,0.008572539574570655,0.0,0.0,0.09212759596073443,0.0,0.0,0.0,0.0,0.0,0.019906986247289014,0.0,0.0,0.0,0.0,0.0,0.0,0.07255454666304713,0.0,0.0,0.0,0.0,0.0,0.03164745024050157,0.02913598192175816,0.0,0.11390638673671638,0.10295973345818703,0.0,0.0,0.0,0.0,0.0,0.0,0.0,0.0,0.0,0.0,0.04421336313112368,0.0,0.0,0.0,0.0,0.0,0.0,0.0,0.0,0.0,0.110516616667701,0.0,0.0,0.08861362955855843,0.0,0.0,0.0,0.0
0.0,0.0,0.0,0.0,0.0,0.0,0.06491681911017046,0.0,0.18126051544235408,0.0,0.0,0.0,0.043815891050221586,1.0,0.0,0.0,0.0,0.0,0.0,0.0,0.0,0.0,0.0,0.0,0.0,0.0,0.0,0.0,0.0,0.0,0.0,0.0,0.0,0.0,0.0,0.0,0.0,0.0,0.0,0.0,0.106628057374889,0.0,0.0,0.0,0.0,0.0,0.0,0.0,0.0,0.0,0.0,0.0,0.0,0.0,0.0,0.0,0.0,0.0,0.0,0.0,0.0,0.0,0.0,0.0,0.0,0.0,0.0,0.0,0.0,0.0,0.0,0.0,0.0,0.0,0.0,0.0,0.0,0.0,0.0,0.0,0.0,0.0,0.0,0.0,0.0,0.07342515485391526,0.0,0.0,0.0,0.0,0.0,0.0,0.0,0.0,0.0,0.0,0.0,0.0,0.0,0.0,0.0,0.0,0.0
0.0,0.0,0.0,0.0974888074831188,0.05315659367510054,0.08155096469110101,0.0,0.050799381951524135,0.02867463782922111,0.0,0.0,0.0,0.0,0.0,1.0,0.0,0.0,0.0,0.05872303442630945,0.0,0.0953096824284766,0.0,0.06953407078967581,0.0,0.0,0.0,0.0,0.0,0.08478230418508759,0.0,0.0,0.0,0.0,0.0,0.0,0.0,0.0,0.0,0.0,0.10081923007751549,0.0,0.0,0.0,0.0,0.0,0.0,0.0,0.0,0.09108658575742574,0.0,0.0,0.0,0.0,0.12243754311137502,0.02422128895307154,0.0,0.0,0.1057597573165126,0.0,0.0,0.06035792751637016,0.0,0.0,0.0,0.0,0.0,0.02820260195107003,0.0,0.0,0.0,0.06004759577410134,0.0,0.0,0.07261799451767748,0.0607770797907894,0.0,0.0,0.0,0.0,0.0,0.0,0.0,0.0,0.0,0.03684730574465501,0.0,0.0,0.0,0.0,0.0,0.0,0.0,0.0,0.01592571171549963,0.0,0.04403558534560892,0.0,0.0,0.0,0.0,0.0,0.0,0.0
0.04085605045877877,0.0,0.0,0.11667667023938962,0.0,0.0,0.0,0.0,0.0,0.0,0.0,0.0,0.0,0.0,0.0,1.0000000000000002,0.0,0.0,0.0,0.0,0.0,0.0,0.0,0.0,0.0,0.0,0.0,0.0,0.042278857452653425,0.0,0.0,0.0,0.0,0.0,0.014357683075131602,0.0,0.0,0.0,0.0,0.0,0.0,0.0,0.0,0.0,0.0,0.0,0.0,0.0,0.0,0.0,0.0,0.0,0.0,0.0,0.0,0.0,0.0,0.0,0.0,0.0,0.0,0.0,0.0,0.0,0.0,0.0,0.0,0.0,0.0,0.049884659592632406,0.0,0.0,0.0,0.0,0.07855844048495726,0.0,0.0,0.0,0.0,0.022478983797284934,0.18605456175605872,0.0,0.0,0.0,0.0,0.0,0.0,0.0,0.0,0.0,0.0,0.0,0.0,0.0,0.0,0.0,0.0,0.0,0.0,0.0,0.0,0.0,0.20948917462655273
0.0,0.0,0.0,0.0,0.0,0.0,0.0,0.10305365796054854,0.0,0.0,0.0,0.0,0.0,0.0,0.0,0.0,1.0,0.0,0.0,0.0,0.0,0.012803704391487076,0.0,0.0,0.0,0.0,0.0,0.0,0.0,0.0,0.0,0.0,0.0,0.0,0.0,0.0,0.0,0.0,0.0,0.0,0.0,0.0,0.0,0.0,0.0,0.14023540872433135,0.0,0.0,0.0,0.0,0.1571579398360569,0.0,0.0,0.06439525474541498,0.0,0.0,0.0,0.0,0.0,0.0,0.0,0.0,0.0,0.0,0.0,0.0,0.0,0.0,0.0,0.0,0.0,0.0,0.0,0.0,0.0,0.0,0.0,0.0,0.0,0.0,0.0,0.0,0.09672525001530886,0.0,0.0,0.010423690924439954,0.0,0.0,0.0,0.0,0.0,0.0,0.0,0.0,0.0,0.0,0.0,0.0,0.0,0.06748545845038711,0.0,0.0,0.0
0.0,0.0,0.0,0.0,0.0,0.0814262934629397,0.0,0.0,0.0,0.0,0.0,0.0,0.0,0.0,0.0,0.0,0.0,1.0,0.0,0.0,0.0,0.0,0.0,0.0,0.0,0.15094765545324032,0.0,0.0,0.0,0.0,0.0,0.0,0.0,0.0,0.0,0.08916538007572697,0.11710057403275793,0.0,0.0,0.0,0.0,0.09842627749699234,0.0,0.0,0.0,0.0,0.0,0.0,0.0,0.0,0.0,0.0,0.0,0.032197627372707496,0.0,0.0,0.0,0.0,0.0,0.0,0.013392367820754925,0.0,0.0,0.0,0.0,0.0,0.0,0.0,0.0,0.0,0.0,0.08975578417868657,0.0,0.0,0.0,0.0,0.0,0.0,0.0,0.0,0.0,0.0,0.0,0.0,0.0,0.026059227311099886,0.0,0.0,0.0,0.0,0.0,0.0,0.0,0.0,0.0,0.0,0.015510349933727853,0.0,0.0,0.0,0.0,0.0,0.0
0.037687163423482245,0.0,0.0,0.0,0.0,0.0,0.0,0.0,0.0,0.0,0.03344462137108844,0.0740850162404197,0.0552667039139046,0.0,0.05872303442630945,0.0,0.0,0.0,0.9999999999999999,0.0,0.03507374224442379,0.0,0.0,0.0,0.0,0.0,0.08210314098459563,0.08425695953424162,0.0,0.07846842919755428,0.0,0.0,0.0,0.0,0.03178576542914661,0.0,0.0,0.030891272881534773,0.0,0.0,0.0,0.0,0.0,0.0,0.0,0.116291968773193,0.059122296414282925,0.0,0.0,0.0,0.0,0.0,0.0,0.0,0.0,0.0,0.0,0.04670321470101408,0.0,0.0,0.0,0.03955921876317594,0.0,0.02560434468622733,0.0,0.0,0.0,0.0,0.0,0.0,0.06231460054236803,0.0,0.0,0.0,0.05636187775599322,0.0,0.0,0.0,0.0,0.051838658316766824,0.0,0.0,0.0,0.0,0.08135833870138075,0.0,0.0,0.0,0.0,0.0,0.04830052179516672,0.0,0.0,0.0,0.0,0.0,0.0,0.0,0.031184087701419998,0.07555026802787615,0.0,0.0,0.0
0.0,0.11503741746952285,0.0,0.0,0.057096557788869615,0.0,0.0,0.0,0.0,0.0,0.13945559513377329,0.029788303703075742,0.0,0.0,0.0,0.0,0.0,0.0,0.0,1.0000000000000002,0.06718295811371343,0.0,0.0,0.0,0.0,0.0,0.0,0.0,0.0,0.0,0.0,0.0,0.05353548428805428,0.0,0.0,0.0,0.0,0.0,0.036976940576569,0.0,0.13249054607363664,0.0,0.08507485643507547,0.0,0.041481165363456,0.0,0.0,0.1744560544504339,0.12841226871686495,0.0,0.0,0.0,0.0,0.0,0.0,0.0,0.0,0.0,0.0,0.03834935094460036,0.0,0.04490357730092747,0.0,0.018683634960510873,0.0,0.0,0.0,0.0,0.0,0.029846902622054843,0.0,0.0,0.0,0.0,0.0,0.0,0.0,0.0,0.0,0.0,0.0,0.0,0.0,0.0,0.0,0.07096003071221753,0.0,0.0,0.0,0.0,0.0,0.0,0.0,0.0,0.0,0.0,0.0,0.04526887511355194,0.0,0.0,0.0,0.0,0.0
0.05437126807016488,0.0,0.0,0.0,0.0,0.0,0.0,0.09102345167361783,0.0,0.0,0.0,0.0,0.0,0.0,0.0953096824284766,0.0,0.0,0.0,0.03507374224442379,0.06718295811371343,0.9999999999999998,0.0,0.0,0.0,0.0,0.0,0.0,0.0,0.0,0.0,0.1038741613733708,0.0,0.0,0.0,0.12897371697471077,0.0,0.07661523601620299,0.0,0.0,0.0,0.0,0.0,0.0,0.0,0.0,0.0,0.0,0.0,0.0,0.0,0.0,0.0751714192385821,0.0,0.0,0.0,0.0,0.026316951810314296,0.06316755433691064,0.0,0.0,0.0,0.0,0.0,0.0,0.0,0.0,0.08422340578254753,0.0,0.0,0.0,0.035864868311958294,0.0,0.0,0.0,0.0,0.0,0.0,0.0,0.0,0.0,0.0,0.0,0.0,0.0,0.0,0.0,0.050896489429939275,0.0,0.0,0.0,0.0,0.0,0.0,0.0,0.0,0.0,0.0,0.0,0.0,0.0,0.0,0.0,0.0
0.05207869422083699,0.0,0.0,0.0,0.0,0.0,0.0,0.06150647775127669,0.0,0.0,0.0,0.027857341785567397,0.04073136155330672,0.0,0.0,0.0,0.012803704391487076,0.0,0.0,0.0,0.0,1.0,0.0,0.060243220220021806,0.0,0.0,0.0,0.0,0.0,0.0,0.0,0.0,0.0,0.0,0.0,0.0,0.0,0.0,0.0,0.0,0.0,0.0,0.0,0.0,0.0,0.0,0.028011162424525206,0.0,0.0,0.0,0.0,0.0,0.0,0.0,0.0,0.15462593745867895,0.0,0.0,0.0,0.0,0.0,0.0,0.14972596113978487,0.0,0.0,0.0,0.0,0.0,0.0,0.0,0.0,0.0,0.0,0.0,0.0,0.0,0.0,0.0,0.0,0.0,0.0,0.0,0.0,0.0,0.0,0.09555868980156515,0.0,0.0,0.0,0.0,0.0,0.0,0.0740833477758898,0.0,0.0,0.0,0.0,0.0,0.0,0.03222238147278552,0.0,0.0,0.0
0.0,0.0,0.0,0.0,0.04804140011225576,0.0,0.0,0.12297594634991538,0.0,0.0,0.0,0.0,0.0,0.0,0.06953407078967581,0.0,0.0,0.0,0.0,0.0,0.0,0.0,1.0,0.0,0.0,0.0,0.0,0.0,0.0,0.0,0.013365496747133264,0.0,0.0,0.0,0.058082705089023585,0.0,0.0,0.0,0.0,0.0,0.0,0.0,0.0,0.0,0.0,0.0,0.02666927152931485,0.0,0.0,0.026579111620107614,0.0,0.06499794063606733,0.0,0.07025747878293873,0.0,0.0,0.0,0.0,0.0,0.0,0.021917313668682888,0.0,0.0,0.0,0.0,0.0,0.0,0.0,0.0,0.0,0.041864880520403505,0.0,0.0,0.0,0.0,0.0,0.0,0.022875357025341356,0.0,0.0,0.0,0.0,0.0,0.0,0.0,0.03980414184254207,0.0,0.0,0.0,0.0,0.0,0.0,0.0,0.06939578612356195,0.0,0.0,0.0,0.0,0.0,0.0,0.0,0.0,0.0
0.0,0.0,0.0,0.04431114643937592,0.0,0.0,0.055062492060185875,0.0,0.14481503726200723,0.20111068619083194,0.0,0.07843262236089557,0.0,0.0,0.0,0.0,0.0,0.0,0.0,0.0,0.0,0.060243220220021806,0.0,1.0,0.15644299921137936,0.0,0.0,0.0,0.0,0.1054898686791067,0.0,0.04022911406409068,0.0,0.0,0.0,0.03424780295822563,0.0,0.0,0.0,0.0,0.0,0.0,0.0,0.0,0.06501186574834744,0.0,0.0,0.0,0.0,0.0,0.0,0.0,0.0,0.05496393316411227,0.0,0.046068874287692005,0.0,0.0,0.04689986980614213,0.0,0.0,0.0,0.0,0.0,0.12264104164875239,0.0,0.0,0.0,0.0,0.0,0.0,0.0,0.0,0.0,0.05524946201098299,0.0,0.0,0.0,0.0,0.0,0.0,0.0,0.06604710484512238,0.0,0.0,0.0653932319028957,0.0,0.0,0.0,0.0,0.0,0.0,0.0,0.0,0.0,0.0,0.0,0.0,0.0,0.0,0.0,0.0,0.0
0.0,0.0,0.0,0.0,0.0,0.0,0.0,0.0,0.0,0.0,0.028003844631704675,0.0,0.0,0.0,0.0,0.0,0.0,0.0,0.0,0.0,0.0,0.0,0.0,0.15644299921137936,1.0,0.0,0.0,0.049385016036794155,0.0,0.0,0.0,0.033938622615826704,0.0,0.11830812831568359,0.0,0.0,0.0,0.0,0.11550431734330877,0.0,0.0,0.0,0.013666991614855387,0.0,0.0,0.0,0.0,0.0,0.0,0.0,0.0,0.0,0.02815998161717,0.0,0.0,0.019675527318333802,0.0,0.0,0.0,0.0,0.0,0.0,0.0,0.0,0.0,0.0,0.0,0.0,0.0,0.031965368300980075,0.0,0.0,0.0,0.0,0.0,0.0,0.0,0.0,0.0,0.0,0.0,0.0,0.0,0.0,0.0,0.0,0.06535159314527172,0.0,0.0,0.0,0.0,0.0,0.0,0.0,0.0,0.06411240164825578,0.0,0.0,0.0,0.0,0.0,0.0,0.0
0.04851161967436667,0.0,0.0,0.0,0.0,0.0,0.0,0.0,0.0,0.0,0.03075038601105745,0.0,0.09337168584898954,0.0,0.0,0.0,0.0,0.15094765545324032,0.0,0.0,0.0,0.0,0.0,0.0,0.0,0.9999999999999999,0.0,0.0,0.15512118559269045,0.043288296687227786,0.0,0.0,0.033053267282598116,0.0,0.0,0.0892302076864823,0.11718571190158296,0.005680546088055118,0.0,0.03411243713600978,0.0,0.0,0.07878891933563786,0.0,0.0,0.0,0.0,0.0,0.0,0.0,0.0,0.0,0.05797844341870468,0.0,0.0,0.0,0.0,0.0,0.0,0.04439478426352141,0.0,0.0,0.03486766033049893,0.0,0.0,0.0,0.0,0.0,0.0,0.0,0.0,0.023096839125143053,0.0,0.09029651023429487,0.08291435459589032,0.0,0.0,0.0,0.0,0.0,0.0,0.0,0.13827939146117182,0.0,0.0,0.0,0.0,0.0,0.0,0.0,0.10880333191635432,0.0,0.0,0.12447444588074043,0.0,0.0,0.0,0.0,0.0,0.0,0.0,0.0,0.0
0.0,0.0,0.0,0.0,0.0,0.03435865386822451,0.0,0.0,0.0,0.0,0.03457603106215213,0.0,0.0,0.0,0.0,0.0,0.0,0.0,0.08210314098459563,0.0,0.0,0.0,0.0,0.0,0.0,0.0,1.0,0.0,0.0,0.0,0.0,0.0,0.0,0.1467258262090796,0.0,0.013934903810551121,0.0,0.0,0.015279844033655565,0.04794544227819865,0.0,0.0,0.0,0.0,0.0,0.0,0.0,0.0,0.0,0.0,0.0,0.0,0.0,0.0,0.0,0.0,0.0,0.0,0.0,0.0,0.0,0.00795228802846471,0.0,0.0,0.0,0.0,0.1760323320815662,0.0,0.0,0.0,0.0,0.0,0.0,0.08158682275763098,0.05826856325833838,0.038664742188951724,0.0,0.0,0.0,0.0,0.0,0.0,0.02332240251893616,0.042786994760510504,0.0,0.0,0.0,0.0,0.0,0.0,0.0,0.0,0.032735173408490865,0.0,0.0,0.0,0.0,0.0,0.0,0.0,0.0,0.0,0.0
0.013605731810969947,0.0,0.0,0.0,0.0,0.03047159396526868,0.0,0.0,0.0,0.0,0.0,0.0,0.0,0.0,0.0,0.0,0.0,0.0,0.08425695953424162,0.0,0.0,0.0,0.0,0.0,0.049385016036794155,0.0,0.0,1.0000000000000002,0.0,0.0,0.0,0.0,0.0,0.0,0.05737611437823214,0.0,0.0,0.0,0.0,0.0,0.0,0.0,0.0,0.0,0.0,0.0,0.0,0.15190758544004895,0.0,0.0,0.0,0.0,0.0,0.0,0.0,0.0,0.04515763893549108,0.0,0.0,0.0,0.0451055917445118,0.0,0.0,0.0,0.0,0.0,0.0,0.0,0.0,0.027687343419863425,0.0,0.0,0.0,0.0,0.0,0.0,0.05285369279813206,0.0,0.0,0.0,0.0,0.0,0.0,0.13660711420221372,0.11748719048113106,0.0,0.0,0.0,0.0,0.0,0.0,0.0,0.0,0.0,0.0,0.0,0.0,0.0,0.0,0.10909992598633227,0.0,0.0,0.0
0.0,0.0,0.0,0.0,0.0,0.0,0.0,0.0,0.0,0.0,0.04598685515650329,0.0,0.0,0.0,0.08478230418508759,0.042278857452653425,0.0,0.0,0.0,0.0,0.0,0.0,0.0,0.0,0.0,0.15512118559269045,0.0,0.0,1.0,0.0,0.0,0.0,0.04943078810221927,0.0,0.0,0.08896184555184512,0.0,0.0,0.0,0.0,0.0,0.0,0.0,0.0,0.0,0.0,0.0,0.0,0.0,0.0,0.0,0.0,0.08670610764810383,0.0,0.0,0.0,0.0,0.0,0.0,0.0,0.0,0.0,0.0,0.0,0.0,0.0,0.0,0.0,0.0,0.0,0.0,0.0,0.0,0.0,0.038749212914606423,0.0,0.0,0.0,0.0,0.0,0.0,0.10546777810944266,0.0,0.0,0.08700917081486252,0.0,0.0,0.0,0.0,0.0,0.0,0.0,0.0,0.04512730392625254,0.0,0.0,0.09903964819260552,0.0,0.0,0.0,0.0,0.0,0.0
0.08688689531438532,0.0,0.05745181723223259,0.0,0.0,0.0,0.0,0.0,0.13901632529811467,0.0,0.0,0.0,0.05460691061963487,0.0,0.0,0.0,0.0,0.0,0.07846842919755428,0.0,0.0,0.0,0.0,0.1054898686791067,0.0,0.043288296687227786,0.0,0.0,0.0,0.9999999999999999,0.0,0.0,0.0,0.08725438626032571,0.0,0.0,0.0,0.15842621626027237,0.0,0.0,0.0558131772925863,0.0,0.046078416993960265,0.0,0.0,0.0,0.0,0.0,0.0,0.0,0.0,0.0,0.0,0.05276305663328155,0.0,0.0,0.0,0.0,0.0,0.0,0.0,0.0,0.0,0.0,0.0,0.0,0.0,0.0,0.0,0.0,0.0,0.01350781040563617,0.046415388067835156,0.05280844421727282,0.0,0.0,0.0,0.0,0.0,0.0,0.0,0.0,0.0,0.0,0.0,0.0,0.0,0.0,0.0,0.0,0.062041061194041264,0.0,0.0,0.0,0.0,0.0,0.0,0.11351213114483047,0.017606743500380592,0.0,0.0,0.0,0.0
0.04251963890549462,0.0,0.0,0.0,0.07356599084233169,0.0,0.0,0.012554237694801657,0.0,0.0,0.13476104469107333,0.0,0.0,0.0,0.0,0.0,0.0,0.0,0.0,0.0,0.1038741613733708,0.0,0.013365496747133264,0.0,0.0,0.0,0.0,0.0,0.0,0.0,1.0,0.0,0.0,0.0,0.0,0.0,0.0,0.0,0.0,0.07474747900325887,0.0,0.028777246515630753,0.0,0.0,0.0,0.0,0.0,0.0,0.0,0.059830031095798465,0.0,0.0,0.0,0.0,0.0,0.05260179750193052,0.0,0.0,0.0,0.0,0.0,0.0,0.0,0.0,0.0,0.0,0.0,0.0,0.0,0.0,0.0,0.0,0.04416648260596026,0.0,0.0,0.07534845512962461,0.0,0.0,0.0,0.0,0.0,0.0,0.0,0.0,0.0,0.0,0.0,0.0,0.0,0.0,0.0,0.0,0.0,0.0,0.0,0.0,0.0,0.0,0.016753666465541037,0.0,0.0,0.0,0.0
0.0,0.0,0.0,0.0,0.0,0.0,0.0,0.0,0.0,0.0,0.021336747486085182,0.0,0.0,0.0,0.0,0.0,0.0,0.0,0.0,0.0,0.0,0.0,0.0,0.04022911406409068,0.033938622615826704,0.0,0.0,0.0,0.0,0.0,0.0,1.0,0.0,0.028169242168149422,0.0,0.0,0.0,0.07883112584038292,0.0,0.0,0.0,0.0,0.0,0.0,0.0,0.0,0.0,0.0960905813751333,0.02619615368460767,0.0,0.058460542219366765,0.0,0.0,0.0,0.0,0.0,0.0,0.0,0.0,0.0,0.0,0.0,0.0,0.0,0.0,0.10191293283226549,0.0,0.0,0.0,0.0,0.0,0.0,0.0,0.0,0.0,0.0,0.0,0.0,0.0,0.02604391378277895,0.08047605250665454,0.0,0.0,0.0,0.0,0.0,0.0,0.0,0.0,0.057577802278337406,0.05752021870329702,0.0,0.0,0.0,0.0,0.0,0.0,0.0,0.02652611900277301,0.0,0.0,0.0,0.0
0.0852987460011818,0.05946882535445928,0.0,0.0,0.0,0.0,0.0,0.0,0.0,0.0,0.042053580115478426,0.0,0.037526150375148754,0.0,0.0,0.0,0.0,0.0,0.0,0.05353548428805428,0.0,0.0,0.0,0.0,0.0,0.033053267282598116,0.0,0.0,0.04943078810221927,0.0,0.0,0.0,0.9999999999999998,0.0,0.0,0.0,0.0,0.0,0.0,0.0,0.0,0.0,0.0,0.0,0.0,0.0,0.0,0.048098885214233805,0.0,0.057154839919707115,0.0,0.0,0.07929009783495022,0.0,0.0,0.0,0.0,0.0,0.0,0.0,0.0,0.0,0.0,0.0,0.0,0.11587308613114215,0.023490023813243926,0.0,0.06007360522201628,0.0,0.07201988023079425,0.0,0.053161489775745696,0.0,0.0,0.0,0.0,0.0,0.0,0.043998129739005624,0.0,0.0,0.0,0.0,0.0,0.0,0.0,0.0,0.0,0.0,0.0,0.11428944624693087,0.0,0.0,0.0,0.0,0.04366707371128125,0.0,0.0,0.0,0.0,0.0,0.0
0.0,0.0,0.0,0.0,0.0,0.0,0.0,0.0,0.0,0.0,0.0,0.0,0.0,0.0,0.0,0.0,0.0,0.0,0.0,0.0,0.0,0.0,0.0,0.0,0.11830812831568359,0.0,0.1467258262090796,0.0,0.0,0.08725438626032571,0.0,0.028169242168149422,0.0,1.0,0.0,0.0,0.0,0.0,0.0,0.0,0.0,0.0,0.0,0.0,0.0,0.0,0.0,0.0,0.0,0.0,0.0,0.0,0.0,0.13360439085674966,0.0,0.0,0.0,0.0,0.0,0.0,0.0,0.0,0.0,0.0,0.0,0.0,0.0,0.0,0.0,0.0,0.0,0.0,0.0,0.11143276615522107,0.0,0.0,0.0,0.0,0.0,0.0,0.0,0.0,0.0,0.0,0.0,0.0,0.0,0.0,0.04813237761299892,0.0,0.0,0.0,0.0,0.0,0.0,0.0,0.0,0.0,0.0,0.0,0.0,0.0,0.0
0.02669021920058724,0.0,0.0,0.0,0.0,0.0,0.0,0.01745830415591116,0.0,0.0,0.09370140042669732,0.0,0.0,0.0,0.0,0.014357683075131602,0.0,0.0,0.03178576542914661,0.0,0.12897371697471077,0.0,0.058082705089023585,0.0,0.0,0.0,0.0,0.05737611437823214,0.0,0.0,0.0,0.0,0.0,0.0,1.0,0.0,0.0,0.02884923804684176,0.0,0.0,0.0,0.0,0.0,0.0,0.0,0.0,0.0772997115897927,0.0,0.0,0.0,0.0,0.020185036575477107,0.0,0.0,0.0,0.0,0.0,0.0,0.0,0.0,0.0,0.17001172854948918,0.0,0.09066556223451303,0.0,0.0,0.0,0.0,0.0,0.0,0.07800654632403006,0.0,0.0,0.0,0.0,0.0,0.0,0.0,0.0,0.06671767557125813,0.0,0.06026783998387636,0.0,0.0,0.0,0.0,0.0,0.0,0.0,0.0,0.0,0.0,0.0,0.0,0.0,0.03476039967406266,0.0,0.0,0.0849411985729376,0.0,0.0,0.0,0.0
0.0,0.0,0.0,0.08524562129747117,0.0,0.0,0.0,0.0,0.0,0.012362357454923109,0.0,0.0,0.0,0.0,0.0,0.0,0.0,0.08916538007572697,0.0,0.0,0.0,0.0,0.0,0.03424780295822563,0.0,0.0892302076864823,0.013934903810551121,0.0,0.08896184555184512,0.0,0.0,0.0,0.0,0.0,0.0,1.0000000000000002,0.06922206581993641,0.0,0.0,0.0,0.0,0.0,0.0,0.0,0.0,0.011053045382209413,0.0,0.0,0.1417724185523657,0.0,0.0,0.0,0.0,0.0,0.0,0.0,0.0,0.0,0.0,0.0,0.0,0.0,0.0,0.0,0.0,0.0,0.0,0.0,0.0,0.0,0.0,0.0,0.0,0.0,0.0,0.0,0.0,0.0,0.0,0.0,0.0,0.030042389675261672,0.11707780019237359,0.12138104417571612,0.0,0.0,0.0,0.13476873141791101,0.0,0.0,0.012242011551175136,0.0,0.0,0.0,0.0,0.0,0.0,0.05896363166615845,0.0,0.0,0.0,0.0,0.0
0.0,0.0,0.0,0.0,0.0,0.0,0.0,0.0,0.0,0.0,0.0,0.0,0.0,0.0,0.0,0.0,0.0,0.11710057403275793,0.0,0.0,0.07661523601620299,0.0,0.0,0.0,0.0,0.11718571190158296,0.0,0.0,0.0,0.0,0.0,0.0,0.0,0.0,0.0,0.06922206581993641,1.0,0.0,0.0,0.0,0.0,0.0,0.0,0.0,0.0,0.010886943659923837,0.0,0.0,0.0,0.0,0.0,0.0,0.0,0.0,0.0,0.0,0.0,0.0,0.0,0.0,0.0,0.0,0.0,0.0,0.0,0.0,0.0,0.0,0.0,0.0,0.0,0.06399221901922213,0.0,0.0,0.0,0.0,0.0,0.0,0.0,0.0,0.0,0.0,0.0,0.0,0.0,0.0,0.0,0.0,0.0,0.0,0.0,0.0,0.0,0.0,0.0,0.0,0.0,0.0,0.0,0.0,0.0,0.0,0.0
0.07981268281200557,0.0,0.0,0.0,0.0,0.0,0.0,0.0,0.0,0.0,0.0,0.0,0.07524133566158527,0.0,0.0,0.0,0.0,0.0,0.030891272881534773,0.0,0.0,0.0,0.0,0.0,0.0,0.005680546088055118,0.0,0.0,0.0,0.15842621626027237,0.0,0.07883112584038292,0.0,0.0,0.02884923804684176,0.0,0.0,0.9999999999999999,0.0,0.0,0.0,0.0,0.0,0.0,0.0,0.0,0.0,0.10415526979630696,0.0,0.0,0.0,0.0,0.0,0.0,0.0,0.0,0.0,0.03532378252422684,0.0,0.0,0.0,0.0,0.0,0.10328394555983302,0.0,0.07364418630124246,0.0,0.0,0.0,0.012374623054058233,0.0,0.0,0.0,0.0,0.0,0.0,0.03321915359970868,0.0,0.0,0.0,0.0,0.0,0.0,0.0,0.0,0.0,0.0,0.0,0.0,0.0,0.0,0.0,0.0,0.0,0.0,0.0,0.0,0.0,0.0,0.0,0.0,0.0,0.0
0.0,0.08985177514581029,0.0,0.06404643941729077,0.0,0.0,0.0,0.0,0.0,0.0338888047538043,0.0,0.06302915255458802,0.0,0.0,0.0,0.0,0.0,0.0,0.0,0.036976940576569,0.0,0.0,0.0,0.0,0.11550431734330877,0.0,0.015279844033655565,0.0,0.0,0.0,0.0,0.0,0.0,0.0,0.0,0.0,0.0,0.0,1.0,0.0,0.0,0.0,0.0,0.0,0.0,0.0,0.0,0.0,0.0,0.0,0.0,0.0,0.0,0.0,0.0,0.07936453386726061,0.09505539147287272,0.0,0.0,0.0,0.0,0.010179814385819766,0.0,0.0,0.0,0.0,0.0,0.0,0.0,0.0,0.0,0.01780976145969319,0.0,0.0,0.0,0.0,0.1412766218383282,0.0,0.0,0.0,0.0,0.0,0.0,0.06709584555497865,0.0,0.0,0.0,0.0,0.0,0.0,0.0,0.0,0.0,0.0,0.0,0.0,0.0,0.0,0.0,0.0,0.0,0.0,0.0
0.010955104196481956,0.0,0.0,0.0,0.0,0.0,0.0,0.0,0.0,0.0,0.0,0.0329623848362323,0.0,0.0,0.10081923007751549,0.0,0.0,0.0,0.0,0.0,0.0,0.0,0.0,0.0,0.0,0.03411243713600978,0.04794544227819865,0.0,0.0,0.0,0.07474747900325887,0.0,0.0,0.0,0.0,0.0,0.0,0.0,0.0,1.0,0.0,0.0,0.0,0.0,0.0,0.0,0.0,0.0,0.0,0.0,0.01902636970051826,0.0,0.0,0.0,0.0,0.0,0.013256309786803968,0.0,0.0745049841605224,0.0,0.0,0.0,0.0,0.0,0.0,0.03316823730533939,0.0,0.0,0.0,0.0,0.01734313213413706,0.0,0.0,0.0,0.0,0.04853346584290452,0.0,0.0,0.0,0.0,0.0,0.0,0.031226851460572913,0.0,0.0,0.0,0.0,0.0,0.0,0.0,0.0,0.0,0.0,0.0,0.0,0.0,0.0,0.0,0.0,0.0,0.0,0.0,0.0
0.0,0.0,0.0,0.0,0.0,0.0,0.0,0.0,0.0,0.0,0.0,0.09033485962121492,0.0,0.106628057374889,0.0,0.0,0.0,0.0,0.0,0.13249054607363664,0.0,0.0,0.0,0.0,0.0,0.0,0.0,0.0,0.0,0.0558131772925863,0.0,0.0,0.0,0.0,0.0,0.0,0.0,0.0,0.0,0.0,1.0,0.12699684970442077,0.0,0.0,0.0,0.0,0.0,0.0,0.0,0.0,0.0,0.09224100694021362,0.0,0.0,0.0,0.0,0.0,0.0,0.0,0.0,0.0,0.0,0.0,0.0,0.0,0.0,0.0,0.0,0.0,0.0,0.0,0.0,0.0,0.0,0.0,0.0,0.0,0.0,0.0,0.0,0.04272550693307674,0.0,0.0,0.0,0.0,0.03765836361395749,0.0,0.0,0.01795988649068321,0.0,0.010688312227774924,0.0,0.0,0.0,0.08118988160479111,0.0,0.0,0.0,0.0,0.0,0.0,0.0,0.0
0.023724208197673277,0.0,0.02196186681303935,0.0,0.014776846042382165,0.0,0.0,0.0,0.0,0.008187802200866826,0.021053512348071058,0.0,0.0,0.0,0.0,0.0,0.0,0.09842627749699234,0.0,0.0,0.0,0.0,0.0,0.0,0.0,0.0,0.0,0.0,0.0,0.0,0.028777246515630753,0.0,0.0,0.0,0.0,0.0,0.0,0.0,0.0,0.0,0.12699684970442077,1.0,0.0,0.0,0.0,0.0,0.0,0.0,0.0,0.0,0.0,0.0,0.0,0.0,0.0,0.0,0.0,0.0,0.0,0.14887476846566872,0.0,0.0,0.0,0.0,0.0,0.0,0.0,0.0,0.0,0.0,0.04506963002858405,0.0,0.0,0.0,0.0,0.0,0.0,0.06926192361140382,0.0,0.0,0.0,0.0,0.0,0.0714602271375862,0.0,0.0,0.0,0.034428722645509086,0.0,0.109568862843226,0.0,0.04291300992459964,0.0,0.0,0.0,0.10328616793652727,0.0,0.0,0.0,0.0,0.0,0.0,0.0
0.0,0.0,0.0,0.0,0.0,0.0,0.0,0.0672375990199735,0.0,0.0,0.0,0.0,0.09938989993219641,0.0,0.0,0.0,0.0,0.0,0.0,0.08507485643507547,0.0,0.0,0.0,0.0,0.013666991614855387,0.07878891933563786,0.0,0.0,0.0,0.046078416993960265,0.0,0.0,0.0,0.0,0.0,0.0,0.0,0.0,0.0,0.0,0.0,0.0,1.0000000000000002,0.0,0.0,0.0,0.0,0.0,0.0,0.054495890328469,0.0,0.0,0.04320078561342963,0.0,0.0,0.0,0.0,0.0,0.0,0.1050138278678096,0.0,0.1229615735645828,0.0,0.0,0.0,0.0,0.0,0.0,0.0,0.0,0.0,0.024585531561577237,0.0,0.0961165157811086,0.0,0.0,0.0,0.0,0.0,0.0,0.04938284018822595,0.0,0.0,0.0,0.0,0.0,0.0,0.0,0.0,0.0,0.0,0.0,0.0,0.0,0.0,0.0,0.0,0.0,0.0,0.0,0.0,0.0,0.0
0.0,0.052866634425200856,0.0,0.0,0.0,0.0,0.0,0.0,0.0,0.0,0.0,0.0,0.0,0.0,0.0,0.0,0.0,0.0,0.0,0.0,0.0,0.0,0.0,0.0,0.0,0.0,0.0,0.0,0.0,0.0,0.0,0.0,0.0,0.0,0.0,0.0,0.0,0.0,0.0,0.0,0.0,0.0,0.0,0.9999999999999999,0.0,0.0,0.0,0.0,0.0,0.05419684925056435,0.0,0.0,0.0,0.0,0.0,0.0,0.0,0.0,0.0,0.0,0.04965676145558476,0.0,0.0,0.04070522118016373,0.0,0.0,0.0,0.0,0.0,0.0,0.09485078403283914,0.0,0.044809040787510405,0.0,0.038401228858985545,0.0,0.0,0.0,0.0,0.0,0.0,0.0,0.0,0.0,0.0,0.0,0.0,0.0,0.0,0.17934927153021635,0.0,0.0,0.0,0.0,0.0,0.0,0.0,0.0,0.0,0.0,0.0,0.0,0.0
0.0,0.0,0.0,0.0,0.0,0.0,0.0,0.0,0.0,0.0,0.0,0.0,0.0,0.0,0.0,0.0,0.0,0.0,0.0,0.041481165363456,0.0,0.0,0.0,0.06501186574834744,0.0,0.0,0.0,0.0,0.0,0.0,0.0,0.0,0.0,0.0,0.0,0.0,0.0,0.0,0.0,0.0,0.0,0.0,0.0,0.0,1.0,0.1147177600765603,0.0,0.0,0.0,0.0,0.0,0.0,0.0,0.0,0.0,0.0,0.0,0.0,0.0,0.044802708156653125,0.0,0.0,0.0,0.0,0.0,0.0,0.0,0.0,0.0,0.0,0.0,0.0,0.0,0.0,0.0,0.0,0.0,0.0,0.0,0.0,0.0,0.0,0.0,0.0,0.0,0.0,0.0,0.0,0.0,0.0,0.0,0.0,0.0,0.0,0.0,0.0,0.0767548153588774,0.0,0.0,0.0,0.0,0.0,0.0
0.0,0.026511700634624963,0.03911342894393742,0.0,0.0,0.0,0.0,0.0,0.0,0.0,0.0,0.0,0.0,0.0,0.0,0.0,0.14023540872433135,0.0,0.116291968773193,0.0,0.0,0.0,0.0,0.0,0.0,0.0,0.0,0.0,0.0,0.0,0.0,0.0,0.0,0.0,0.0,0.011053045382209413,0.010886943659923837,0.0,0.0,0.0,0.0,0.0,0.0,0.0,0.1147177600765603,1.0,0.0,0.0,0.0,0.0,0.12680358168104397,0.0,0.0,0.0,0.0,0.0,0.0,0.0,0.0,0.0,0.0,0.0,0.0,0.0,0.0,0.0,0.0,0.0,0.08927105522351993,0.027514252826350512,0.0,0.16859648331885824,0.0,0.017976100931524155,0.0,0.0,0.0,0.0,0.0,0.03719534914312303,0.0,0.0,0.0,0.0,0.0,0.052331385947936855,0.0,0.0,0.0,0.0,0.03465666030529126,0.0,0.0,0.0,0.0,0.0,0.0,0.0,0.0,0.0,0.0,0.0,0.0
0.0,0.0,0.0,0.0,0.0,0.0,0.0,0.0,0.0,0.0,0.0,0.055153205529474024,0.0,0.0,0.0,0.0,0.0,0.0,0.059122296414282925,0.0,0.0,0.028011162424525206,0.02666927152931485,0.0,0.0,0.0,0.0,0.0,0.0,0.0,0.0,0.0,0.0,0.0,0.0772997115897927,0.0,0.0,0.0,0.0,0.0,0.0,0.0,0.0,0.0,0.0,0.0,1.0,0.0,0.04890980788147913,0.0,0.0,0.0,0.0,0.04174222373497419,0.0,0.0,0.06337335999949688,0.0,0.0,0.0,0.0,0.0,0.0,0.0,0.0,0.0,0.0,0.0,0.0,0.031972841723961566,0.08705644350715804,0.0,0.0,0.0,0.0,0.0,0.0,0.0,0.0,0.0,0.0,0.0,0.0,0.0,0.0,0.0,0.0,0.0,0.0,0.0,0.0,0.0,0.0,0.053446639117042505,0.0,0.0,0.0,0.0,0.0,0.0,0.0,0.0,0.0
0.0,0.0,0.0,0.0,0.0,0.02766799607664634,0.0,0.0,0.0,0.0,0.0,0.040144893230956026,0.0,0.0,0.0,0.0,0.0,0.0,0.0,0.1744560544504339,0.0,0.0,0.0,0.0,0.0,0.0,0.0,0.15190758544004895,0.0,0.0,0.0,0.0960905813751333,0.048098885214233805,0.0,0.0,0.0,0.0,0.10415526979630696,0.0,0.0,0.0,0.0,0.0,0.0,0.0,0.0,0.0,1.0,0.11537183337837167,0.0,0.060076121761259,0.0,0.0,0.0,0.0,0.0,0.0,0.0,0.0,0.0,0.06552890337640517,0.0,0.0,0.0,0.0,0.014248889235511946,0.0,0.0,0.09788091284703722,0.10558764670939337,0.0,0.0,0.0,0.0,0.0,0.0,0.0,0.0,0.0,0.0,0.0,0.0,0.04225687431469749,0.0,0.0,0.0,0.0,0.0,0.0,0.0,0.0,0.0,0.0,0.0,0.0,0.0,0.0,0.0,0.029206262669402835,0.0,0.0,0.0,0.0
0.0,0.0,0.052611714629463194,0.0,0.0,0.0,0.0,0.03313915218985619,0.0,0.0,0.0,0.06253871697668434,0.008572539574570655,0.0,0.09108658575742574,0.0,0.0,0.0,0.0,0.12841226871686495,0.0,0.0,0.0,0.0,0.0,0.0,0.0,0.0,0.0,0.0,0.0,0.02619615368460767,0.0,0.0,0.0,0.1417724185523657,0.0,0.0,0.0,0.0,0.0,0.0,0.0,0.0,0.0,0.0,0.04890980788147913,0.11537183337837167,1.0,0.0,0.0,0.0,0.0,0.0,0.06452010265793802,0.0,0.0,0.0,0.0,0.0,0.0,0.06817907917832915,0.0,0.0,0.0,0.0,0.09055297492225356,0.0,0.0,0.0,0.0,0.028273891333325564,0.0,0.0,0.0,0.0,0.0,0.0,0.0,0.0,0.0,0.07844552284614204,0.04739674596406301,0.0,0.0,0.0,0.0,0.1466262020884722,0.0,0.0,0.0,0.0,0.07276255682508713,0.0,0.0,0.0,0.0,0.0,0.0,0.0,0.0,0.0,0.0
0.05284756011585446,0.06140735689313832,0.0,0.0,0.0,0.023671632166188398,0.0,0.04369017177512431,0.0,0.0,0.0,0.0,0.0,0.0,0.0,0.0,0.0,0.0,0.0,0.0,0.0,0.0,0.026579111620107614,0.0,0.0,0.0,0.0,0.0,0.0,0.0,0.059830031095798465,0.0,0.057154839919707115,0.0,0.0,0.0,0.0,0.0,0.0,0.0,0.0,0.0,0.054495890328469,0.05419684925056435,0.0,0.0,0.0,0.0,0.0,0.9999999999999999,0.0,0.0,0.0,0.0,0.0,0.07322408972681023,0.0,0.0,0.041075768974751875,0.0,0.0,0.0,0.0,0.0,0.0,0.0,0.0,0.0,0.0,0.0,0.0,0.0,0.0,0.0,0.10036132393266418,0.0,0.0,0.0,0.0,0.0,0.04492371415428831,0.0,0.0,0.0,0.0,0.0,0.0,0.0,0.02697702028154115,0.0,0.0,0.0,0.0,0.02739391912898706,0.02613277432593127,0.0,0.0,0.0,0.019434886809726815,0.0,0.0,0.0,0.0
0.0,0.0,0.0,0.0,0.0,0.0,0.0,0.0,0.0,0.0,0.0,0.0,0.0,0.0,0.0,0.0,0.1571579398360569,0.0,0.0,0.0,0.0,0.0,0.0,0.0,0.0,0.0,0.0,0.0,0.0,0.0,0.0,0.058460542219366765,0.0,0.0,0.0,0.0,0.0,0.0,0.0,0.01902636970051826,0.0,0.0,0.0,0.0,0.0,0.12680358168104397,0.0,0.060076121761259,0.0,0.0,0.9999999999999999,0.0,0.0,0.0,0.0,0.0,0.0,0.0,0.1752542153614734,0.0,0.0,0.0,0.0,0.0,0.0,0.02808717361626069,0.0,0.0,0.15006539988946166,0.0,0.0,0.0,0.0,0.08993445806533552,0.0,0.0,0.0,0.12287889757198887,0.02668908172826894,0.0,0.0,0.0,0.0,0.0,0.0,0.11170730537902047,0.0,0.0,0.0,0.0,0.0,0.0,0.0,0.0,0.0,0.0,0.0,0.0,0.0,0.0,0.09197090092274485,0.0,0.0
0.0,0.0,0.0,0.0,0.024844432958344313,0.0,0.0,0.0,0.0,0.0,0.0,0.0,0.09212759596073443,0.0,0.0,0.0,0.0,0.0,0.0,0.0,0.0751714192385821,0.0,0.06499794063606733,0.0,0.0,0.0,0.0,0.0,0.0,0.0,0.0,0.0,0.0,0.0,0.020185036575477107,0.0,0.0,0.0,0.0,0.0,0.09224100694021362,0.0,0.0,0.0,0.0,0.0,0.0,0.0,0.0,0.0,0.0,0.9999999999999999,0.0,0.0,0.0,0.0,0.0,0.0,0.0,0.0,0.0,0.0,0.17201540776609509,0.0,0.0,0.0,0.0,0.0,0.0,0.0,0.050517293450893376,0.06511170133930119,0.0,0.0,0.0,0.0,0.019368790876665726,0.0,0.0,0.0,0.0,0.0,0.0,0.0,0.0,0.0,0.0,0.0,0.06871979911720244,0.0,0.0,0.018037499258207856,0.0,0.0,0.0,0.0,0.0,0.0,0.0,0.0,0.0,0.0,0.0
0.0,0.0,0.0,0.0,0.09664493348020478,0.0,0.0,0.0,0.0,0.0,0.07376581245155435,0.0,0.0,0.0,0.0,0.0,0.0,0.0,0.0,0.0,0.0,0.0,0.0,0.0,0.02815998161717,0.05797844341870468,0.0,0.0,0.08670610764810383,0.0,0.0,0.0,0.07929009783495022,0.0,0.0,0.0,0.0,0.0,0.0,0.0,0.0,0.0,0.04320078561342963,0.0,0.0,0.0,0.0,0.0,0.0,0.0,0.0,0.0,0.9999999999999999,0.09739005518842761,0.0,0.0,0.0,0.0,0.0,0.0,0.0,0.0,0.0,0.0,0.04730480790012112,0.0,0.03244786865913866,0.0,0.0,0.0,0.0,0.0,0.0,0.0,0.0,0.0,0.0,0.0,0.0,0.0,0.0,0.0,0.0,0.0,0.0,0.0,0.0,0.0,0.0,0.0,0.0,0.0,0.0,0.0,0.0,0.0,0.0,0.0,0.0,0.0,0.0,0.0,0.0
0.0,0.0,0.0,0.11081592755501672,0.03625399090941646,0.0,0.0,0.0,0.07243239666596928,0.0,0.0,0.0,0.0,0.0,0.12243754311137502,0.0,0.06439525474541498,0.032197627372707496,0.0,0.0,0.0,0.0,0.07025747878293873,0.05496393316411227,0.0,0.0,0.0,0.0,0.0,0.05276305663328155,0.0,0.0,0.0,0.13360439085674966,0.0,0.0,0.0,0.0,0.0,0.0,0.0,0.0,0.0,0.0,0.0,0.0,0.04174222373497419,0.0,0.0,0.0,0.0,0.0,0.09739005518842761,1.0000000000000002,0.011012975422342643,0.0,0.0,0.0,0.0,0.0,0.0,0.0,0.0,0.0,0.0,0.0,0.0,0.0,0.0,0.0,0.0,0.0,0.0,0.0,0.0,0.0,0.0,0.016783154407679364,0.0,0.0,0.0,0.0,0.0,0.0,0.041884483659360594,0.0,0.0,0.0,0.0,0.0,0.014919496500244428,0.0,0.0,0.0,0.0,0.0,0.0,0.0,0.0,0.0,0.0,0.0,0.0
0.0,0.0,0.07834536532308364,0.0,0.04303182016909111,0.0,0.0,0.0,0.0,0.0,0.0,0.0,0.0,0.0,0.02422128895307154,0.0,0.0,0.0,0.0,0.0,0.0,0.0,0.0,0.0,0.0,0.0,0.0,0.0,0.0,0.0,0.0,0.0,0.0,0.0,0.0,0.0,0.0,0.0,0.0,0.0,0.0,0.0,0.0,0.0,0.0,0.0,0.0,0.0,0.06452010265793802,0.0,0.0,0.0,0.0,0.011012975422342643,1.0,0.0,0.0,0.0,0.0,0.0,0.0,0.10152710101233481,0.0,0.08918124061158474,0.0,0.0,0.0,0.0,0.06568625662139224,0.022494640587370256,0.0,0.0,0.0,0.0,0.0,0.0,0.0,0.0,0.04088797653818292,0.0,0.0,0.0,0.0,0.0,0.0,0.0,0.0,0.0,0.0,0.0,0.010625253788186092,0.0,0.10835246743908009,0.0,0.0,0.0,0.0,0.0,0.0,0.036932693787723264,0.0,0.0,0.0
0.0,0.1190447795470039,0.0,0.06421477888421036,0.0,0.0,0.0,0.0,0.0,0.0,0.010995319738719861,0.0,0.0,0.0,0.0,0.0,0.0,0.0,0.0,0.0,0.0,0.15462593745867895,0.0,0.046068874287692005,0.019675527318333802,0.0,0.0,0.0,0.0,0.0,0.05260179750193052,0.0,0.0,0.0,0.0,0.0,0.0,0.0,0.07936453386726061,0.0,0.0,0.0,0.0,0.0,0.0,0.0,0.0,0.0,0.0,0.07322408972681023,0.0,0.0,0.0,0.0,0.0,1.0000000000000002,0.0,0.0,0.0,0.0,0.0,0.0,0.0,0.0,0.0,0.0,0.0,0.0,0.0,0.0,0.0,0.0,0.0,0.0,0.0,0.0,0.0,0.0,0.0,0.0,0.0,0.0,0.0,0.08889540723764656,0.0,0.0,0.0,0.0,0.0,0.0,0.0,0.0,0.0,0.0,0.02144389396998487,0.06293210491370403,0.0,0.0,0.0,0.0,0.0,0.0,0.0
0.05655577079693599,0.09505377756071211,0.0,0.012818406089281689,0.0,0.0,0.0,0.0,0.04524373556072258,0.03253129045407488,0.0,0.0,0.0,0.0,0.0,0.0,0.0,0.0,0.0,0.0,0.026316951810314296,0.0,0.0,0.0,0.0,0.0,0.0,0.04515763893549108,0.0,0.0,0.0,0.0,0.0,0.0,0.0,0.0,0.0,0.0,0.09505539147287272,0.013256309786803968,0.0,0.0,0.0,0.0,0.0,0.0,0.06337335999949688,0.0,0.0,0.0,0.0,0.0,0.0,0.0,0.0,0.0,1.0,0.0,0.0,0.0,0.031248858248428157,0.0,0.0,0.0,0.0,0.018637405441252104,0.0,0.0,0.17070301434618468,0.0,0.0,0.0,0.040283144955550174,0.0,0.0,0.0,0.0,0.0,0.0,0.0,0.0,0.0,0.0,0.05070027488749559,0.14534706307060863,0.0,0.0,0.0,0.0,0.0,0.0,0.0,0.0,0.10051233340957438,0.03495807544911684,0.0,0.0,0.08866376521066774,0.0,0.0,0.0,0.0,0.0
0.0,0.0,0.1396273258635976,0.0,0.0,0.0,0.0,0.0,0.0,0.0,0.0,0.0,0.019906986247289014,0.0,0.1057597573165126,0.0,0.0,0.0,0.04670321470101408,0.0,0.06316755433691064,0.0,0.0,0.0,0.0,0.0,0.0,0.0,0.0,0.0,0.0,0.0,0.0,0.0,0.0,0.0,0.0,0.03532378252422684,0.0,0.0,0.0,0.0,0.0,0.0,0.0,0.0,0.0,0.0,0.0,0.0,0.0,0.0,0.0,0.0,0.0,0.0,0.0,0.9999999999999998,0.0,0.0,0.0,0.0,0.02601843480998522,0.0,0.0,0.0,0.04672897196261682,0.0,0.0,0.0,0.04775665605694772,0.0,0.0,0.0,0.0,0.0,0.0,0.0,0.0,0.0,0.0,0.0,0.0,0.0,0.0,0.0,0.06275216901391421,0.0,0.0,0.038700432301723486,0.0,0.0,0.0,0.0,0.0,0.0,0.0,0.0,0.0,0.0,0.0,0.0,0.0
0.07063616203535313,0.0,0.0,0.0,0.0,0.0,0.0,0.0,0.0,0.0,0.0,0.0,0.0,0.0,0.0,0.0,0.0,0.0,0.0,0.0,0.0,0.0,0.0,0.04689986980614213,0.0,0.0,0.0,0.0,0.0,0.0,0.0,0.0,0.0,0.0,0.0,0.0,0.0,0.0,0.0,0.0745049841605224,0.0,0.0,0.0,0.0,0.0,0.0,0.0,0.0,0.0,0.041075768974751875,0.1752542153614734,0.0,0.0,0.0,0.0,0.0,0.0,0.0,1.0000000000000002,0.0,0.0,0.0,0.0,0.0,0.0,0.0,0.0,0.0,0.0,0.0,0.0,0.0,0.0,0.08385061013330247,0.01212678125181665,0.0,0.0,0.0,0.0,0.0,0.0,0.0,0.020134404019007585,0.0,0.0,0.0,0.0,0.0,0.0,0.0,0.0,0.0,0.0,0.08826775146438312,0.0,0.0,0.0,0.0,0.0,0.0,0.0,0.0,0.0
0.0,0.0,0.0,0.0,0.0,0.0,0.0,0.0,0.0,0.0,0.0,0.0,0.0,0.0,0.0,0.0,0.0,0.0,0.0,0.03834935094460036,0.0,0.0,0.0,0.0,0.0,0.04439478426352141,0.0,0.0,0.0,0.0,0.0,0.0,0.0,0.0,0.0,0.0,0.0,0.0,0.0,0.0,0.0,0.14887476846566872,0.1050138278678096,0.0,0.044802708156653125,0.0,0.0,0.0,0.0,0.0,0.0,0.0,0.0,0.0,0.0,0.0,0.0,0.0,0.0,1.0000000000000002,0.0,0.055427616747459246,0.0,0.0,0.0,0.0,0.0,0.0,0.0,0.0,0.0,0.0,0.0,0.0,0.0,0.0,0.0,0.0,0.0,0.0,0.0,0.0,0.0,0.0,0.0,0.0,0.0,0.0,0.0,0.0,0.0,0.0,0.0,0.0,0.0,0.13136641236273602,0.0,0.0,0.0,0.05670844467496044,0.0,0.0,0.0
0.0,0.07032905314206933,0.0,0.0,0.0,0.0,0.0,0.0,0.0,0.0,0.0,0.0,0.0,0.0,0.06035792751637016,0.0,0.0,0.013392367820754925,0.0,0.0,0.0,0.0,0.021917313668682888,0.0,0.0,0.0,0.0,0.0451055917445118,0.0,0.0,0.0,0.0,0.0,0.0,0.0,0.0,0.0,0.0,0.0,0.0,0.0,0.0,0.0,0.04965676145558476,0.0,0.0,0.0,0.06552890337640517,0.0,0.0,0.0,0.0,0.0,0.0,0.0,0.0,0.031248858248428157,0.0,0.0,0.0,1.0000000000000002,0.0,0.04176260416703079,0.0,0.0,0.0,0.0,0.22167487684729065,0.0,0.0,0.07154463807266105,0.0,0.1072979091840571,0.0,0.0,0.0,0.0,0.0,0.0,0.03108109972315554,0.0,0.0,0.0,0.0,0.0,0.0,0.0,0.0,0.0,0.0,0.0,0.0,0.0,0.005019824312047165,0.06517986334605606,0.0,0.0,0.0,0.0,0.0,0.0,0.0,0.0
0.0,0.0,0.08278838138148044,0.0,0.0,0.0,0.0,0.0,0.0,0.0,0.0,0.0,0.0,0.0,0.0,0.0,0.0,0.0,0.03955921876317594,0.04490357730092747,0.0,0.0,0.0,0.0,0.0,0.0,0.00795228802846471,0.0,0.0,0.0,0.0,0.0,0.0,0.0,0.17001172854948918,0.0,0.0,0.0,0.010179814385819766,0.0,0.0,0.0,0.1229615735645828,0.0,0.0,0.0,0.0,0.0,0.06817907917832915,0.0,0.0,0.0,0.0,0.0,0.10152710101233481,0.0,0.0,0.0,0.0,0.055427616747459246,0.0,0.9999999999999999,0.0,0.12730499985592703,0.0,0.0,0.0,0.04159283001410508,0.0,0.0,0.15701182418308746,0.0,0.0,0.0,0.0,0.0,0.0110289645568924,0.0,0.0,0.10543999507217733,0.0,0.0,0.0,0.0,0.0,0.0,0.09449463374306277,0.0,0.0,0.0,0.0,0.0,0.11449720555873127,0.0,0.0,0.05493501293260007,0.0,0.0,0.0,0.0,0.0,0.0,0.0
0.08258260828237249,0.0,0.0,0.026648512382766575,0.0,0.0,0.0,0.0,0.0,0.0,0.0,0.0,0.0,0.0,0.0,0.0,0.0,0.0,0.0,0.0,0.0,0.14972596113978487,0.0,0.0,0.0,0.03486766033049893,0.0,0.0,0.0,0.0,0.0,0.0,0.0,0.0,0.0,0.0,0.0,0.0,0.0,0.0,0.0,0.0,0.0,0.0,0.0,0.0,0.0,0.0,0.0,0.0,0.0,0.17201540776609509,0.0,0.0,0.0,0.0,0.0,0.02601843480998522,0.0,0.0,0.04176260416703079,0.0,1.0,0.0,0.08534592565460991,0.0,0.0,0.08330424217444765,0.0,0.0,0.03102241761093583,0.07616146782232384,0.0,0.0,0.0,0.0,0.0,0.0,0.0,0.0,0.0,0.0,0.0,0.0,0.0302165728176967,0.0,0.0,0.0,0.0,0.0,0.0,0.0,0.0,0.0,0.0,0.020312611733875784,0.0,0.0,0.0,0.0,0.0,0.0,0.0
0.0,0.0,0.10206481365118564,0.0,0.03433669939143195,0.0,0.0,0.0,0.0,0.0,0.0,0.0,0.0,0.0,0.0,0.0,0.0,0.0,0.02560434468622733,0.018683634960510873,0.0,0.0,0.0,0.0,0.0,0.0,0.0,0.0,0.0,0.0,0.0,0.0,0.0,0.0,0.09066556223451303,0.0,0.0,0.10328394555983302,0.0,0.0,0.0,0.0,0.0,0.04070522118016373,0.0,0.0,0.0,0.0,0.0,0.0,0.0,0.0,0.0,0.0,0.08918124061158474,0.0,0.0,0.0,0.0,0.0,0.0,0.12730499985592703,0.0,1.0,0.0,0.007630031697888027,0.0,0.0,0.09434433937514551,0.0,0.06283650788006993,0.0,0.0,0.0,0.028266610133502932,0.0,0.0,0.0,0.0,0.0,0.0,0.06472996230052797,0.03771303212314664,0.0,0.04231405189886227,0.0,0.0,0.0,0.022160937246830662,0.0,0.0,0.019943242523287105,0.02823134298298424,0.0,0.0,0.0,0.0,0.0,0.0,0.039293304329114244,0.0,0.0,0.0
0.0,0.0,0.0,0.03139855423452492,0.0,0.0,0.0,0.0,0.0,0.0,0.0,0.0,0.07255454666304713,0.0,0.0,0.0,0.0,0.0,0.0,0.0,0.0,0.0,0.0,0.12264104164875239,0.0,0.0,0.0,0.0,0.0,0.0,0.0,0.0,0.0,0.0,0.0,0.0,0.0,0.0,0.0,0.0,0.0,0.0,0.0,0.0,0.0,0.0,0.0,0.0,0.0,0.0,0.0,0.0,0.04730480790012112,0.0,0.0,0.0,0.0,0.0,0.0,0.0,0.0,0.0,0.08534592565460991,0.0,0.9999999999999998,0.0,0.0,0.0,0.0,0.0,0.0,0.026921127269528985,0.0,0.0,0.0,0.0,0.0,0.0,0.03253478449741819,0.0,0.0,0.0,0.0,0.0,0.0,0.0,0.0,0.0,0.1278582019764095,0.0,0.0,0.0,0.0,0.0,0.0,0.13828124547410314,0.03377106050635032,0.0,0.0,0.0,0.0,0.0,0.0
0.08984545554234231,0.0,0.0,0.014254475939994604,0.0,0.0,0.015372424694063505,0.09549912561251664,0.0,0.0,0.045560753614271414,0.0,0.0,0.0,0.0,0.0,0.0,0.0,0.0,0.0,0.0,0.0,0.0,0.0,0.0,0.0,0.0,0.0,0.0,0.0,0.0,0.10191293283226549,0.11587308613114215,0.0,0.0,0.0,0.0,0.07364418630124246,0.0,0.03316823730533939,0.0,0.0,0.0,0.0,0.0,0.0,0.0,0.014248889235511946,0.0,0.0,0.02808717361626069,0.0,0.0,0.0,0.0,0.0,0.018637405441252104,0.0,0.0,0.0,0.0,0.0,0.0,0.007630031697888027,0.0,1.0,0.0,0.0,0.0,0.0,0.0,0.0,0.0,0.0,0.0,0.0,0.0,0.0,0.04431092266548502,0.0,0.0,0.0,0.0,0.0,0.0,0.0,0.0,0.0,0.03386000289305713,0.0,0.0,0.0,0.04313505987728222,0.0,0.0,0.0,0.0,0.0,0.0,0.0,0.0,0.0,0.0
0.0,0.0,0.0,0.0,0.0,0.0,0.0,0.0,0.0,0.0,0.0,0.0,0.0,0.0,0.02820260195107003,0.0,0.0,0.0,0.0,0.0,0.08422340578254753,0.0,0.0,0.0,0.0,0.0,0.1760323320815662,0.0,0.0,0.0,0.0,0.0,0.023490023813243926,0.0,0.0,0.0,0.0,0.0,0.0,0.0,0.0,0.0,0.0,0.0,0.0,0.0,0.0,0.0,0.09055297492225356,0.0,0.0,0.0,0.03244786865913866,0.0,0.0,0.0,0.0,0.04672897196261682,0.0,0.0,0.0,0.0,0.0,0.0,0.0,0.0,0.9999999999999999,0.0,0.0,0.012277565688451755,0.028653993634168633,0.0,0.0,0.0,0.01288981985394218,0.0,0.0,0.0,0.0,0.0,0.0,0.0,0.0,0.0,0.0,0.0,0.05020173521113137,0.0,0.0,0.0,0.0,0.0,0.0,0.0,0.0,0.0,0.0,0.0,0.0,0.0,0.0,0.0,0.0
0.0,0.0,0.0,0.0,0.0,0.0,0.0,0.0,0.0,0.0,0.0,0.0,0.0,0.0,0.0,0.0,0.0,0.0,0.0,0.0,0.0,0.0,0.0,0.0,0.0,0.0,0.0,0.0,0.0,0.0,0.0,0.0,0.0,0.0,0.0,0.0,0.0,0.0,0.0,0.0,0.0,0.0,0.0,0.0,0.0,0.0,0.0,0.0,0.0,0.0,0.0,0.0,0.0,0.0,0.0,0.0,0.0,0.0,0.0,0.0,0.22167487684729065,0.04159283001410508,0.08330424217444765,0.0,0.0,0.0,0.0,0.9999999999999999,0.0,0.0,0.0878219895918379,0.0,0.0,0.0,0.0,0.0,0.03848200169722707,0.0,0.0,0.0,0.0,0.0,0.0,0.0,0.0,0.0,0.0,0.0,0.0,0.0,0.0,0.0,0.0,0.03639372626234195,0.0,0.0,0.0,0.0,0.0,0.0,0.0,0.0,0.0
0.0,0.09681493258247822,0.0,0.0,0.0,0.0,0.0,0.0,0.0,0.0,0.0,0.0,0.0,0.0,0.0,0.0,0.0,0.0,0.0,0.0,0.0,0.0,0.0,0.0,0.0,0.0,0.0,0.0,0.0,0.0,0.0,0.0,0.06007360522201628,0.0,0.0,0.0,0.0,0.0,0.0,0.0,0.0,0.0,0.0,0.0,0.0,0.08927105522351993,0.0,0.09788091284703722,0.0,0.0,0.15006539988946166,0.0,0.0,0.0,0.06568625662139224,0.0,0.17070301434618468,0.0,0.0,0.0,0.0,0.0,0.0,0.09434433937514551,0.0,0.0,0.0,0.0,0.9999999999999998,0.0,0.0,0.09445052324597909,0.0,0.0,0.0,0.0,0.0,0.0,0.0,0.0,0.0,0.0,0.0,0.0,0.14804005136202358,0.0,0.0,0.0,0.0,0.0,0.0,0.0,0.0,0.0,0.0,0.0,0.0,0.0,0.0,0.0,0.0,0.0,0.0
0.0,0.04317036029075543,0.0,0.0,0.0,0.0,0.0,0.0,0.0,0.0,0.033493649180470236,0.0,0.0,0.0,0.0,0.049884659592632406,0.0,0.0,0.0,0.029846902622054843,0.0,0.0,0.0,0.0,0.031965368300980075,0.0,0.0,0.027687343419863425,0.0,0.0,0.0,0.0,0.0,0.0,0.0,0.0,0.0,0.012374623054058233,0.0,0.0,0.0,0.0,0.0,0.0,0.0,0.027514252826350512,0.031972841723961566,0.10558764670939337,0.0,0.0,0.0,0.0,0.0,0.0,0.022494640587370256,0.0,0.0,0.0,0.0,0.0,0.0,0.0,0.0,0.0,0.0,0.0,0.012277565688451755,0.0,0.0,1.0000000000000002,0.0,0.0,0.0,0.0,0.0,0.056181548492460306,0.07697370086861782,0.0,0.0,0.0,0.0,0.0,0.0,0.0,0.0,0.0,0.05862221856444016,0.0,0.0,0.0,0.0,0.0,0.0,0.0,0.07838618016696206,0.0,0.0,0.0,0.05621364306719597,0.0,0.0,0.0,0.0
0.030829790418485124,0.07254225694643264,0.0,0.0,0.0,0.0,0.0,0.0,0.0,0.0,0.0,0.0,0.03164745024050157,0.0,0.06004759577410134,0.0,0.0,0.0,0.06231460054236803,0.0,0.035864868311958294,0.0,0.041864880520403505,0.0,0.0,0.0,0.0,0.0,0.0,0.0,0.0,0.0,0.07201988023079425,0.0,0.07800654632403006,0.0,0.0,0.0,0.0,0.01734313213413706,0.0,0.04506963002858405,0.0,0.09485078403283914,0.0,0.0,0.08705644350715804,0.0,0.0,0.0,0.0,0.050517293450893376,0.0,0.0,0.0,0.0,0.0,0.04775665605694772,0.0,0.0,0.07154463807266105,0.15701182418308746,0.03102241761093583,0.06283650788006993,0.0,0.0,0.028653993634168633,0.0878219895918379,0.0,0.0,1.0,0.0,0.0,0.0,0.0,0.0,0.0,0.0,0.02027327853561152,0.0,0.0,0.0,0.0,0.0,0.0,0.08352808157806779,0.0,0.0,0.0,0.11601787771885232,0.0,0.13941446340151517,0.0,0.053935359452205615,0.0,0.0,0.0,0.0,0.0,0.0,0.0,0.0,0.0
0.0,0.0,0.03678468726956907,0.0,0.0,0.0,0.0,0.0,0.0,0.0,0.0,0.023912316476539797,0.02913598192175816,0.0,0.0,0.0,0.0,0.08975578417868657,0.0,0.0,0.0,0.0,0.0,0.0,0.0,0.023096839125143053,0.0,0.0,0.0,0.01350781040563617,0.0,0.0,0.0,0.0,0.0,0.0,0.06399221901922213,0.0,0.01780976145969319,0.0,0.0,0.0,0.024585531561577237,0.0,0.0,0.16859648331885824,0.0,0.0,0.028273891333325564,0.0,0.0,0.06511170133930119,0.0,0.0,0.0,0.0,0.0,0.0,0.0,0.0,0.0,0.0,0.07616146782232384,0.0,0.026921127269528985,0.0,0.0,0.0,0.09445052324597909,0.0,0.0,1.0,0.0,0.02817639486598964,0.0,0.0,0.0,0.0,0.0,0.0,0.0,0.0,0.0,0.0,0.0,0.0,0.0,0.0,0.0,0.0,0.0,0.0,0.0,0.0,0.0,0.0,0.03559910117036818,0.0,0.0,0.0,0.0,0.0,0.0
0.0,0.06346320860269361,0.0,0.0,0.0,0.0,0.0,0.0,0.027186519372353914,0.0,0.0,0.0,0.0,0.0,0.0,0.0,0.0,0.0,0.0,0.0,0.0,0.0,0.0,0.0,0.0,0.0,0.0,0.0,0.0,0.046415388067835156,0.04416648260596026,0.0,0.053161489775745696,0.0,0.0,0.0,0.0,0.0,0.0,0.0,0.0,0.0,0.0,0.044809040787510405,0.0,0.0,0.0,0.0,0.0,0.0,0.0,0.0,0.0,0.0,0.0,0.0,0.040283144955550174,0.0,0.0,0.0,0.1072979091840571,0.0,0.0,0.0,0.0,0.0,0.0,0.0,0.0,0.0,0.0,0.0,1.0,0.0,0.0,0.0,0.0,0.0,0.0,0.0,0.0,0.14658358345331246,0.0,0.0,0.0,0.0,0.0,0.0,0.05750287467930507,0.0,0.09333051675301618,0.0,0.08740566829333428,0.0891797691689256,0.0,0.0,0.0,0.0865754364346664,0.0,0.12165406110540444,0.0,0.0,0.0
0.0,0.0,0.0,0.0,0.0,0.06958429320548376,0.0,0.0,0.0,0.05957184687364054,0.0,0.0,0.11390638673671638,0.0,0.07261799451767748,0.0,0.0,0.0,0.0,0.0,0.0,0.0,0.0,0.0,0.0,0.09029651023429487,0.08158682275763098,0.0,0.0,0.05280844421727282,0.0,0.0,0.0,0.11143276615522107,0.0,0.0,0.0,0.0,0.0,0.0,0.0,0.0,0.0961165157811086,0.0,0.0,0.017976100931524155,0.0,0.0,0.0,0.0,0.08993445806533552,0.0,0.0,0.0,0.0,0.0,0.0,0.0,0.08385061013330247,0.0,0.0,0.0,0.0,0.0,0.0,0.0,0.0,0.0,0.0,0.0,0.0,0.02817639486598964,0.0,0.9999999999999998,0.0,0.0,0.0,0.0,0.02553885259988889,0.05342053934807354,0.05305827946748333,0.0,0.0,0.0,0.09315669628752409,0.020042440262546292,0.0,0.0,0.0,0.0,0.0,0.0,0.0,0.0,0.0,0.037573866768719225,0.0,0.0,0.0,0.0,0.0,0.0,0.0
0.031204323970714827,0.11693377235754726,0.0,0.0,0.0,0.0,0.0,0.0,0.0,0.029914923275739087,0.023735633163877067,0.0,0.10295973345818703,0.0,0.0607770797907894,0.07855844048495726,0.0,0.0,0.05636187775599322,0.0,0.0,0.0,0.0,0.05524946201098299,0.0,0.08291435459589032,0.05826856325833838,0.0,0.038749212914606423,0.0,0.0,0.0,0.0,0.0,0.0,0.0,0.0,0.0,0.0,0.0,0.0,0.0,0.0,0.038401228858985545,0.0,0.0,0.0,0.0,0.0,0.10036132393266418,0.0,0.0,0.0,0.0,0.0,0.0,0.0,0.0,0.01212678125181665,0.0,0.0,0.0,0.0,0.028266610133502932,0.0,0.0,0.01288981985394218,0.0,0.0,0.0,0.0,0.0,0.0,0.0,1.0,0.0,0.0,0.0,0.0,0.0,0.0284203037546325,0.0,0.0,0.0,0.0,0.0,0.0,0.0,0.0,0.05337605126836238,0.0,0.0,0.0,0.0,0.0,0.0,0.0,0.0,0.03319700011034929,0.0,0.0,0.0,0.0
0.0,0.04872098703897105,0.0,0.0,0.057319592066885375,0.0,0.0,0.0,0.0,0.0,0.0,0.06645481046096512,0.0,0.0,0.0,0.0,0.0,0.0,0.0,0.0,0.0,0.0,0.0,0.0,0.0,0.0,0.038664742188951724,0.0,0.0,0.0,0.07534845512962461,0.0,0.0,0.0,0.0,0.0,0.0,0.0,0.0,0.04853346584290452,0.0,0.0,0.0,0.0,0.0,0.0,0.0,0.0,0.0,0.0,0.0,0.0,0.0,0.0,0.0,0.0,0.0,0.0,0.0,0.0,0.0,0.0,0.0,0.0,0.0,0.0,0.0,0.0,0.0,0.056181548492460306,0.0,0.0,0.0,0.0,0.0,1.0000000000000002,0.0,0.0,0.0,0.0,0.0,0.0,0.0,0.027719521857271025,0.0,0.0,0.0,0.0,0.0,0.0,0.0,0.0,0.0,0.07244836484074622,0.06825978322392809,0.0,0.0,0.05049523036690361,0.048951627465721646,0.0,0.0,0.0,0.0
0.0,0.0,0.0,0.0,0.0,0.0,0.0,0.0,0.0,0.0,0.0,0.0,0.0,0.0,0.0,0.0,0.0,0.0,0.0,0.0,0.0,0.0,0.0,0.0,0.0,0.0,0.0,0.05285369279813206,0.0,0.0,0.0,0.0,0.0,0.0,0.0,0.0,0.0,0.03321915359970868,0.1412766218383282,0.0,0.0,0.0,0.0,0.0,0.0,0.0,0.0,0.0,0.0,0.0,0.0,0.019368790876665726,0.0,0.0,0.0,0.0,0.0,0.0,0.0,0.0,0.0,0.0110289645568924,0.0,0.0,0.0,0.0,0.0,0.03848200169722707,0.0,0.07697370086861782,0.0,0.0,0.0,0.0,0.0,0.0,1.0,0.0,0.0,0.0650359219437122,0.0,0.0,0.0,0.0,0.0,0.0,0.0,0.0,0.036203728174701966,0.0,0.0,0.22331382104409817,0.0,0.0,0.0,0.0,0.0,0.0,0.0,0.0,0.0,0.0,0.0
0.07075186426201442,0.0,0.0,0.0,0.0,0.0,0.0,0.0483454538567871,0.0,0.0,0.0,0.02737060959077072,0.0,0.0,0.0,0.0,0.0,0.0,0.0,0.0,0.0,0.0,0.022875357025341356,0.0,0.0,0.0,0.0,0.0,0.0,0.0,0.0,0.0,0.0,0.0,0.0,0.0,0.0,0.0,0.0,0.0,0.0,0.06926192361140382,0.0,0.0,0.0,0.0,0.0,0.0,0.0,0.0,0.12287889757198887,0.0,0.0,0.016783154407679364,0.0,0.0,0.0,0.0,0.0,0.0,0.0,0.0,0.0,0.0,0.0,0.0,0.0,0.0,0.0,0.0,0.0,0.0,0.0,0.0,0.0,0.0,0.0,1.0000000000000002,0.0,0.0,0.0,0.0,0.0,0.0,0.0,0.0,0.0,0.0,0.0,0.0,0.0,0.0,0.0,0.0,0.0,0.0,0.0,0.0,0.0,0.0,0.0,0.0,0.0
0.06402992177081054,0.0,0.0,0.0,0.0,0.17925292488263478,0.0,0.0,0.0,0.0,0.04058707633195388,0.0,0.0,0.0,0.0,0.0,0.0,0.0,0.0,0.0,0.0,0.0,0.0,0.0,0.0,0.0,0.0,0.0,0.0,0.0,0.0,0.0,0.0,0.0,0.0,0.0,0.0,0.0,0.0,0.0,0.0,0.0,0.0,0.0,0.0,0.0,0.0,0.0,0.0,0.0,0.02668908172826894,0.0,0.0,0.0,0.04088797653818292,0.0,0.0,0.0,0.0,0.0,0.0,0.0,0.0,0.0,0.03253478449741819,0.04431092266548502,0.0,0.0,0.0,0.0,0.02027327853561152,0.0,0.0,0.02553885259988889,0.0,0.0,0.0,0.0,1.0000000000000002,0.0,0.04920516519514432,0.0,0.0,0.0,0.0,0.0,0.17759370192863022,0.0,0.0,0.0,0.0,0.0,0.0,0.0,0.0,0.0,0.02458417718404809,0.0,0.0,0.0,0.0,0.0,0.0
0.0,0.0,0.0,0.0,0.0,0.0,0.0,0.0,0.0,0.0,0.0,0.0,0.0,0.0,0.0,0.022478983797284934,0.0,0.0,0.051838658316766824,0.0,0.0,0.0,0.0,0.0,0.0,0.0,0.0,0.0,0.0,0.0,0.0,0.02604391378277895,0.043998129739005624,0.0,0.06671767557125813,0.0,0.0,0.0,0.0,0.0,0.0,0.0,0.0,0.0,0.0,0.03719534914312303,0.0,0.0,0.0,0.0,0.0,0.0,0.0,0.0,0.0,0.0,0.0,0.0,0.0,0.0,0.03108109972315554,0.10543999507217733,0.0,0.0,0.0,0.0,0.0,0.0,0.0,0.0,0.0,0.0,0.0,0.05342053934807354,0.0,0.0,0.0650359219437122,0.0,0.0,1.0,0.0,0.0,0.0,0.0,0.0,0.0,0.0,0.0,0.0,0.0,0.015448657296963587,0.0,0.0,0.0,0.0,0.043732223571420294,0.025711805169472777,0.0,0.0,0.0,0.0,0.0,0.1352027837957266
0.0,0.0,0.0,0.0,0.0,0.0,0.0,0.0,0.0,0.0,0.0,0.0,0.0,0.0,0.0,0.18605456175605872,0.0,0.0,0.0,0.0,0.0,0.0,0.0,0.0,0.0,0.0,0.0,0.0,0.0,0.0,0.0,0.08047605250665454,0.0,0.0,0.0,0.0,0.0,0.0,0.0,0.0,0.04272550693307674,0.0,0.04938284018822595,0.0,0.0,0.0,0.0,0.0,0.0,0.04492371415428831,0.0,0.0,0.0,0.0,0.0,0.0,0.0,0.0,0.0,0.0,0.0,0.0,0.0,0.0,0.0,0.0,0.0,0.0,0.0,0.0,0.0,0.0,0.0,0.05305827946748333,0.0284203037546325,0.0,0.0,0.0,0.04920516519514432,0.0,1.0,0.0,0.0,0.0,0.0,0.027459800331545006,0.0,0.0,0.0,0.0,0.0,0.0,0.0,0.0,0.08880329854467027,0.0,0.0,0.0,0.0,0.0,0.0,0.0,0.0
0.0,0.0,0.0,0.0,0.0,0.0,0.0,0.0,0.0,0.0,0.0,0.0,0.0,0.0,0.0,0.0,0.0,0.0,0.0,0.0,0.0,0.0,0.0,0.0,0.0,0.0,0.0,0.0,0.10546777810944266,0.0,0.0,0.0,0.0,0.0,0.06026783998387636,0.030042389675261672,0.0,0.0,0.0,0.0,0.0,0.0,0.0,0.0,0.0,0.0,0.0,0.0,0.07844552284614204,0.0,0.0,0.0,0.0,0.0,0.0,0.0,0.0,0.0,0.0,0.0,0.0,0.0,0.0,0.06472996230052797,0.0,0.0,0.0,0.0,0.0,0.0,0.0,0.0,0.14658358345331246,0.0,0.0,0.0,0.0,0.0,0.0,0.0,0.0,1.0000000000000002,0.0,0.0,0.04701275516444885,0.0,0.0,0.0,0.028139162024275185,0.0,0.0,0.0,0.0,0.0,0.0,0.0,0.0,0.0,0.09653391119992658,0.0,0.0,0.0,0.0
0.13433420295715257,0.0,0.0,0.0,0.0,0.0,0.0,0.06608342439961061,0.0,0.0919576978360642,0.0,0.09620459888646213,0.0,0.0,0.0,0.0,0.09672525001530886,0.0,0.0,0.0,0.0,0.0,0.0,0.06604710484512238,0.0,0.13827939146117182,0.02332240251893616,0.0,0.0,0.0,0.0,0.0,0.0,0.0,0.0,0.11707780019237359,0.0,0.0,0.0,0.031226851460572913,0.0,0.0,0.0,0.0,0.0,0.0,0.0,0.04225687431469749,0.04739674596406301,0.0,0.0,0.0,0.0,0.0,0.0,0.0,0.0,0.0,0.020134404019007585,0.0,0.0,0.0,0.0,0.03771303212314664,0.0,0.0,0.0,0.0,0.0,0.0,0.0,0.0,0.0,0.0,0.0,0.0,0.0,0.0,0.0,0.0,0.0,0.0,1.0,0.0,0.0,0.0,0.0,0.0,0.0,0.0,0.0,0.0,0.0,0.0,0.0,0.0,0.0,0.0,0.03149590026340288,0.04327522457559431,0.0,0.0,0.0
0.0,0.10064205953721622,0.0,0.05428803870464663,0.0,0.0,0.0,0.0,0.0,0.0,0.07436473085074974,0.0,0.0,0.0,0.0,0.0,0.0,0.0,0.0,0.0,0.0,0.0,0.0,0.0,0.0,0.0,0.042786994760510504,0.13660711420221372,0.0,0.0,0.0,0.0,0.0,0.0,0.0,0.12138104417571612,0.0,0.0,0.06709584555497865,0.0,0.0,0.0714602271375862,0.0,0.0,0.0,0.0,0.0,0.0,0.0,0.0,0.0,0.0,0.0,0.0,0.0,0.08889540723764656,0.05070027488749559,0.0,0.0,0.0,0.0,0.0,0.0,0.0,0.0,0.0,0.0,0.0,0.0,0.0,0.0,0.0,0.0,0.0,0.0,0.027719521857271025,0.0,0.0,0.0,0.0,0.0,0.0,0.0,1.0000000000000002,0.0,0.0,0.0,0.0,0.0,0.0,0.0,0.0,0.0,0.0,0.0,0.0,0.0,0.0603490973328509,0.0,0.0,0.0,0.0,0.0
0.02102026454457452,0.0915935535183978,0.0,0.033349806441990634,0.010910557771385922,0.0,0.0,0.0,0.11771118914108768,0.0,0.0,0.0,0.0,0.0,0.03684730574465501,0.0,0.0,0.0,0.08135833870138075,0.0,0.0,0.0,0.0,0.0,0.0,0.0,0.0,0.11748719048113106,0.08700917081486252,0.0,0.0,0.0,0.0,0.0,0.0,0.0,0.0,0.0,0.0,0.0,0.0,0.0,0.0,0.0,0.0,0.0,0.0,0.0,0.0,0.0,0.0,0.0,0.0,0.041884483659360594,0.0,0.0,0.14534706307060863,0.0,0.0,0.0,0.0,0.0,0.0302165728176967,0.04231405189886227,0.0,0.0,0.0,0.0,0.14804005136202358,0.0,0.0,0.0,0.0,0.09315669628752409,0.0,0.0,0.0,0.0,0.0,0.0,0.0,0.04701275516444885,0.0,0.0,1.0,0.0,0.0,0.0,0.0,0.0,0.0,0.04224671242054599,0.0,0.0,0.0,0.0,0.0,0.0,0.0,0.10534665361481921,0.0,0.0,0.0
0.0,0.0,0.0,0.0,0.0,0.0,0.0,0.0,0.0,0.08093093993986189,0.0,0.0,0.04421336313112368,0.07342515485391526,0.0,0.0,0.010423690924439954,0.026059227311099886,0.0,0.07096003071221753,0.0,0.09555868980156515,0.03980414184254207,0.0653932319028957,0.0,0.0,0.0,0.0,0.0,0.0,0.0,0.0,0.0,0.0,0.0,0.0,0.0,0.0,0.0,0.0,0.03765836361395749,0.0,0.0,0.0,0.0,0.052331385947936855,0.0,0.0,0.0,0.0,0.11170730537902047,0.0,0.0,0.0,0.0,0.0,0.0,0.0,0.0,0.0,0.0,0.0,0.0,0.0,0.0,0.0,0.0,0.0,0.0,0.0,0.08352808157806779,0.0,0.0,0.020042440262546292,0.0,0.0,0.0,0.0,0.0,0.0,0.027459800331545006,0.0,0.0,0.0,0.0,1.0,0.0,0.0,0.0,0.0,0.0,0.0,0.0,0.0,0.0,0.0,0.02411653483099712,0.0,0.0,0.0,0.0,0.0,0.0
0.0,0.0,0.0,0.0,0.0,0.0,0.0,0.0,0.0,0.0,0.0,0.0,0.0,0.0,0.0,0.0,0.0,0.0,0.0,0.0,0.050896489429939275,0.0,0.0,0.0,0.06535159314527172,0.0,0.0,0.0,0.0,0.0,0.0,0.0,0.0,0.0,0.0,0.0,0.0,0.0,0.0,0.0,0.0,0.0,0.0,0.0,0.0,0.0,0.0,0.0,0.0,0.0,0.0,0.0,0.0,0.0,0.0,0.0,0.0,0.06275216901391421,0.0,0.0,0.0,0.09449463374306277,0.0,0.0,0.0,0.0,0.05020173521113137,0.0,0.0,0.05862221856444016,0.0,0.0,0.0,0.0,0.0,0.0,0.0,0.0,0.17759370192863022,0.0,0.0,0.0,0.0,0.0,0.0,0.0,1.0,0.0,0.0,0.0,0.0,0.0,0.0,0.0,0.0,0.0,0.0,0.0,0.0,0.0,0.0,0.0,0.0
0.0,0.0,0.0,0.0,0.0,0.0,0.0,0.0,0.0,0.0,0.0,0.0,0.0,0.0,0.0,0.0,0.0,0.0,0.0,0.0,0.0,0.0,0.0,0.0,0.0,0.0,0.0,0.0,0.0,0.0,0.0,0.0,0.0,0.0,0.0,0.13476873141791101,0.0,0.0,0.0,0.0,0.0,0.034428722645509086,0.0,0.0,0.0,0.0,0.0,0.0,0.1466262020884722,0.0,0.0,0.0,0.0,0.0,0.0,0.0,0.0,0.0,0.0,0.0,0.0,0.0,0.0,0.0,0.0,0.0,0.0,0.0,0.0,0.0,0.0,0.0,0.0,0.0,0.0,0.0,0.0,0.0,0.0,0.0,0.0,0.0,0.0,0.0,0.0,0.0,0.0,1.0000000000000002,0.0,0.0,0.0,0.0,0.0,0.0,0.0,0.0,0.0,0.1608126806618755,0.0,0.0,0.0,0.0,0.0
0.0,0.0,0.012941024259122467,0.0,0.0,0.021916057495567038,0.0,0.0,0.0,0.0,0.0,0.0,0.0,0.0,0.0,0.0,0.0,0.0,0.0,0.0,0.0,0.0,0.0,0.0,0.0,0.0,0.0,0.0,0.0,0.0,0.0,0.0,0.0,0.04813237761299892,0.0,0.0,0.0,0.0,0.0,0.0,0.01795988649068321,0.0,0.0,0.0,0.0,0.0,0.0,0.0,0.0,0.02697702028154115,0.0,0.06871979911720244,0.0,0.0,0.0,0.0,0.0,0.0,0.0,0.0,0.0,0.0,0.0,0.022160937246830662,0.1278582019764095,0.03386000289305713,0.0,0.0,0.0,0.0,0.0,0.0,0.05750287467930507,0.0,0.0,0.0,0.036203728174701966,0.0,0.0,0.0,0.0,0.028139162024275185,0.0,0.0,0.0,0.0,0.0,0.0,1.0000000000000002,0.0,0.0,0.03371530645633991,0.1252830123029933,0.0,0.0,0.0,0.0,0.0,0.0,0.0,0.0,0.0,0.0
0.07161923463038494,0.0,0.0,0.0,0.0,0.0,0.0,0.0,0.0,0.09197225155900668,0.016892191635228596,0.0,0.0,0.0,0.0,0.0,0.0,0.0,0.0,0.0,0.0,0.0,0.0,0.0,0.0,0.0,0.0,0.0,0.0,0.0,0.0,0.057577802278337406,0.0,0.0,0.0,0.0,0.0,0.0,0.0,0.0,0.0,0.109568862843226,0.0,0.17934927153021635,0.0,0.0,0.0,0.0,0.0,0.0,0.0,0.0,0.0,0.0,0.0,0.0,0.0,0.038700432301723486,0.0,0.0,0.0,0.0,0.0,0.0,0.0,0.0,0.0,0.0,0.0,0.0,0.11601787771885232,0.0,0.0,0.0,0.05337605126836238,0.0,0.0,0.0,0.0,0.0,0.0,0.0,0.0,0.0,0.0,0.0,0.0,0.0,0.0,1.0000000000000002,0.0,0.0,0.0,0.03496596117885919,0.0,0.0,0.0,0.0,0.0,0.0,0.0,0.0,0.0
0.0,0.0,0.0,0.0,0.0,0.0,0.0,0.0,0.0,0.0,0.0,0.0,0.0,0.0,0.0,0.0,0.0,0.0,0.04830052179516672,0.0,0.0,0.0,0.0,0.0,0.0,0.10880333191635432,0.0,0.0,0.0,0.062041061194041264,0.0,0.05752021870329702,0.0,0.0,0.0,0.012242011551175136,0.0,0.0,0.0,0.0,0.010688312227774924,0.0,0.0,0.0,0.0,0.03465666030529126,0.0,0.0,0.0,0.0,0.0,0.0,0.0,0.014919496500244428,0.010625253788186092,0.0,0.0,0.0,0.0,0.0,0.0,0.0,0.0,0.0,0.0,0.0,0.0,0.0,0.0,0.0,0.0,0.0,0.09333051675301618,0.0,0.0,0.0,0.0,0.0,0.0,0.015448657296963587,0.0,0.0,0.0,0.0,0.0,0.0,0.0,0.0,0.0,0.0,1.0,0.0,0.0,0.0,0.0,0.0,0.0,0.0,0.047204071397665456,0.0,0.0,0.0,0.0
0.0,0.1151184138232623,0.0,0.0,0.0,0.0,0.0,0.0,0.0,0.0,0.0,0.0,0.0,0.0,0.0,0.0,0.0,0.0,0.0,0.0,0.0,0.0,0.0,0.0,0.0,0.0,0.0,0.0,0.0,0.0,0.0,0.0,0.11428944624693087,0.0,0.0,0.0,0.0,0.0,0.0,0.0,0.0,0.04291300992459964,0.0,0.0,0.0,0.0,0.0,0.0,0.0,0.0,0.0,0.018037499258207856,0.0,0.0,0.0,0.0,0.0,0.0,0.0,0.0,0.0,0.0,0.0,0.019943242523287105,0.0,0.0,0.0,0.0,0.0,0.0,0.13941446340151517,0.0,0.0,0.0,0.0,0.0,0.22331382104409817,0.0,0.0,0.0,0.0,0.0,0.0,0.0,0.04224671242054599,0.0,0.0,0.0,0.03371530645633991,0.0,0.0,0.9999999999999999,0.0,0.0,0.0,0.0,0.0,0.0,0.0,0.0,0.0,0.0,0.0
0.0,0.0,0.08835399916403774,0.0,0.0,0.010469769324861954,0.0,0.0,0.0,0.0,0.0,0.0,0.0,0.0,0.0,0.0,0.0,0.0,0.0,0.0,0.0,0.0740833477758898,0.0,0.0,0.0,0.0,0.032735173408490865,0.0,0.0,0.0,0.0,0.0,0.0,0.0,0.0,0.0,0.0,0.0,0.0,0.0,0.0,0.0,0.0,0.0,0.0,0.0,0.0,0.0,0.07276255682508713,0.0,0.0,0.0,0.0,0.0,0.10835246743908009,0.0,0.0,0.0,0.0,0.0,0.0,0.11449720555873127,0.0,0.02823134298298424,0.0,0.04313505987728222,0.0,0.0,0.0,0.0,0.0,0.0,0.08740566829333428,0.0,0.0,0.0,0.0,0.0,0.0,0.0,0.0,0.0,0.0,0.0,0.0,0.0,0.0,0.0,0.1252830123029933,0.0,0.0,0.0,1.0,0.0,0.0,0.0,0.03589769376525425,0.0,0.0,0.0,0.0,0.0,0.0
0.0,0.0,0.0,0.0,0.0,0.0,0.0,0.0,0.0,0.0,0.0,0.0,0.0,0.0,0.01592571171549963,0.0,0.0,0.0,0.0,0.0,0.0,0.0,0.06939578612356195,0.0,0.0,0.12447444588074043,0.0,0.0,0.04512730392625254,0.0,0.0,0.0,0.0,0.0,0.0,0.0,0.0,0.0,0.0,0.0,0.0,0.0,0.0,0.0,0.0,0.0,0.053446639117042505,0.0,0.0,0.02739391912898706,0.0,0.0,0.0,0.0,0.0,0.0,0.10051233340957438,0.0,0.08826775146438312,0.0,0.005019824312047165,0.0,0.0,0.0,0.0,0.0,0.0,0.03639372626234195,0.0,0.0,0.053935359452205615,0.0,0.0891797691689256,0.0,0.0,0.07244836484074622,0.0,0.0,0.0,0.0,0.0,0.0,0.0,0.0,0.0,0.0,0.0,0.0,0.0,0.03496596117885919,0.0,0.0,0.0,0.9999999999999998,0.0,0.0,0.0,0.0,0.0,0.0,0.0,0.0,0.0
0.0,0.0,0.016714713138843835,0.0,0.0,0.0,0.0,0.0,0.0,0.0,0.0,0.0,0.0,0.0,0.0,0.0,0.0,0.0,0.0,0.0,0.0,0.0,0.0,0.0,0.0,0.0,0.0,0.0,0.0,0.0,0.0,0.0,0.0,0.0,0.0,0.0,0.0,0.0,0.0,0.0,0.08118988160479111,0.0,0.0,0.0,0.0,0.0,0.0,0.0,0.0,0.02613277432593127,0.0,0.0,0.0,0.0,0.0,0.02144389396998487,0.03495807544911684,0.0,0.0,0.0,0.06517986334605606,0.0,0.0,0.0,0.0,0.0,0.0,0.0,0.0,0.07838618016696206,0.0,0.0,0.0,0.0,0.0,0.06825978322392809,0.0,0.0,0.0,0.0,0.08880329854467027,0.0,0.0,0.0,0.0,0.0,0.0,0.0,0.0,0.0,0.0,0.0,0.0,0.0,0.9999999999999998,0.0,0.0,0.0,0.12806020814297076,0.0,0.0,0.0,0.0
0.0,0.0,0.0,0.0,0.0,0.04219594747164269,0.0,0.0,0.0,0.0,0.0,0.0,0.110516616667701,0.0,0.04403558534560892,0.0,0.0,0.0,0.0,0.0,0.0,0.0,0.0,0.0,0.06411240164825578,0.0,0.0,0.0,0.0,0.0,0.0,0.0,0.0,0.0,0.03476039967406266,0.0,0.0,0.0,0.0,0.0,0.0,0.10328616793652727,0.0,0.0,0.0,0.0,0.0,0.0,0.0,0.0,0.0,0.0,0.0,0.0,0.0,0.06293210491370403,0.0,0.0,0.0,0.13136641236273602,0.0,0.05493501293260007,0.020312611733875784,0.0,0.13828124547410314,0.0,0.0,0.0,0.0,0.0,0.0,0.0,0.0,0.037573866768719225,0.0,0.0,0.0,0.0,0.0,0.043732223571420294,0.0,0.0,0.0,0.0,0.0,0.0,0.0,0.0,0.0,0.0,0.0,0.0,0.0,0.0,0.0,1.0,0.0,0.12060951049640664,0.0,0.0,0.0,0.0,0.0
0.0,0.0,0.0,0.027679878770982873,0.0,0.0,0.136460588836861,0.0,0.0,0.0,0.0,0.0,0.0,0.0,0.0,0.0,0.0,0.015510349933727853,0.0,0.0,0.0,0.0,0.0,0.0,0.0,0.0,0.0,0.0,0.09903964819260552,0.0,0.0,0.0,0.04366707371128125,0.0,0.0,0.0,0.0,0.0,0.0,0.0,0.0,0.0,0.0,0.0,0.0767548153588774,0.0,0.0,0.0,0.0,0.0,0.0,0.0,0.0,0.0,0.0,0.0,0.0,0.0,0.0,0.0,0.0,0.0,0.0,0.0,0.03377106050635032,0.0,0.0,0.0,0.0,0.0,0.0,0.03559910117036818,0.0,0.0,0.0,0.0,0.0,0.0,0.02458417718404809,0.025711805169472777,0.0,0.0,0.0,0.0,0.0,0.02411653483099712,0.0,0.0,0.0,0.0,0.0,0.0,0.03589769376525425,0.0,0.0,0.0,0.9999999999999998,0.0,0.0,0.0,0.0,0.0,0.0
0.0,0.0,0.0,0.0,0.0,0.0,0.0,0.0,0.05983790920955755,0.0,0.0,0.01714737642203043,0.0,0.0,0.0,0.0,0.0,0.0,0.0,0.04526887511355194,0.0,0.0,0.0,0.0,0.0,0.0,0.0,0.0,0.0,0.11351213114483047,0.0,0.0,0.0,0.0,0.0,0.05896363166615845,0.0,0.0,0.0,0.0,0.0,0.0,0.0,0.0,0.0,0.0,0.0,0.0,0.0,0.0,0.0,0.0,0.0,0.0,0.0,0.0,0.08866376521066774,0.0,0.0,0.0,0.0,0.0,0.0,0.0,0.0,0.0,0.0,0.0,0.0,0.0,0.0,0.0,0.0865754364346664,0.0,0.0,0.05049523036690361,0.0,0.0,0.0,0.0,0.0,0.0,0.0,0.0603490973328509,0.0,0.0,0.0,0.1608126806618755,0.0,0.0,0.0,0.0,0.0,0.0,0.0,0.12060951049640664,0.0,1.0000000000000002,0.0,0.0,0.0,0.0,0.0
0.0,0.027082677585049224,0.08390719402952727,0.0,0.0,0.0,0.0,0.0,0.0,0.0,0.0,0.0,0.08861362955855843,0.0,0.0,0.0,0.0,0.0,0.031184087701419998,0.0,0.0,0.0,0.0,0.0,0.0,0.0,0.0,0.0,0.0,0.017606743500380592,0.016753666465541037,0.02652611900277301,0.0,0.0,0.0849411985729376,0.0,0.0,0.0,0.0,0.0,0.0,0.0,0.0,0.0,0.0,0.0,0.0,0.029206262669402835,0.0,0.019434886809726815,0.0,0.0,0.0,0.0,0.0,0.0,0.0,0.0,0.0,0.0,0.0,0.0,0.0,0.0,0.0,0.0,0.0,0.0,0.0,0.05621364306719597,0.0,0.0,0.0,0.0,0.03319700011034929,0.048951627465721646,0.0,0.0,0.0,0.0,0.0,0.09653391119992658,0.03149590026340288,0.0,0.0,0.0,0.0,0.0,0.0,0.0,0.047204071397665456,0.0,0.0,0.0,0.12806020814297076,0.0,0.0,0.0,1.0000000000000002,0.0,0.0,0.0,0.0
0.0,0.0,0.0,0.0,0.04502962939394678,0.0,0.0,0.046106577040363105,0.0,0.0,0.0,0.0,0.0,0.0,0.0,0.0,0.06748545845038711,0.0,0.07555026802787615,0.0,0.0,0.03222238147278552,0.0,0.0,0.0,0.0,0.0,0.10909992598633227,0.0,0.0,0.0,0.0,0.0,0.0,0.0,0.0,0.0,0.0,0.0,0.0,0.0,0.0,0.0,0.0,0.0,0.0,0.0,0.0,0.0,0.0,0.0,0.0,0.0,0.0,0.036932693787723264,0.0,0.0,0.0,0.0,0.05670844467496044,0.0,0.0,0.0,0.039293304329114244,0.0,0.0,0.0,0.0,0.0,0.0,0.0,0.0,0.12165406110540444,0.0,0.0,0.0,0.0,0.0,0.0,0.0,0.0,0.0,0.04327522457559431,0.0,0.10534665361481921,0.0,0.0,0.0,0.0,0.0,0.0,0.0,0.0,0.0,0.0,0.0,0.0,0.0,0.0,1.0,0.0,0.0,0.0
0.0,0.0,0.0,0.0,0.20614891875811928,0.0,0.0,0.0,0.0,0.0,0.0,0.0,0.0,0.0,0.0,0.0,0.0,0.0,0.0,0.0,0.0,0.0,0.0,0.0,0.0,0.0,0.0,0.0,0.0,0.0,0.0,0.0,0.0,0.0,0.0,0.0,0.0,0.0,0.0,0.0,0.0,0.0,0.0,0.0,0.0,0.0,0.0,0.0,0.0,0.0,0.09197090092274485,0.0,0.0,0.0,0.0,0.0,0.0,0.0,0.0,0.0,0.0,0.0,0.0,0.0,0.0,0.0,0.0,0.0,0.0,0.0,0.0,0.0,0.0,0.0,0.0,0.0,0.0,0.0,0.0,0.0,0.0,0.0,0.0,0.0,0.0,0.0,0.0,0.0,0.0,0.0,0.0,0.0,0.0,0.0,0.0,0.0,0.0,0.0,0.0,0.0,0.9999999999999998,0.0,0.0
0.0,0.0,0.0,0.0,0.0,0.0,0.0,0.0,0.0,0.0,0.0,0.0,0.0,0.0,0.0,0.0,0.0,0.0,0.0,0.0,0.0,0.0,0.0,0.0,0.0,0.0,0.0,0.0,0.0,0.0,0.0,0.0,0.0,0.0,0.0,0.0,0.0,0.0,0.0,0.0,0.0,0.0,0.0,0.0,0.0,0.0,0.0,0.0,0.0,0.0,0.0,0.0,0.0,0.0,0.0,0.0,0.0,0.0,0.0,0.0,0.0,0.0,0.0,0.0,0.0,0.0,0.0,0.0,0.0,0.0,0.0,0.0,0.0,0.0,0.0,0.0,0.0,0.0,0.0,0.0,0.0,0.0,0.0,0.0,0.0,0.0,0.0,0.0,0.0,0.0,0.0,0.0,0.0,0.0,0.0,0.0,0.0,0.0,0.0,0.0,0.0,0.9999999999999998,0.0
0.0,0.0,0.0,0.0,0.0,0.0,0.0,0.0,0.0,0.0,0.0,0.0,0.0,0.0,0.0,0.20948917462655273,0.0,0.0,0.0,0.0,0.0,0.0,0.0,0.0,0.0,0.0,0.0,0.0,0.0,0.0,0.0,0.0,0.0,0.0,0.0,0.0,0.0,0.0,0.0,0.0,0.0,0.0,0.0,0.0,0.0,0.0,0.0,0.0,0.0,0.0,0.0,0.0,0.0,0.0,0.0,0.0,0.0,0.0,0.0,0.0,0.0,0.0,0.0,0.0,0.0,0.0,0.0,0.0,0.0,0.0,0.0,0.0,0.0,0.0,0.0,0.0,0.0,0.0,0.0,0.1352027837957266,0.0,0.0,0.0,0.0,0.0,0.0,0.0,0.0,0.0,0.0,0.0,0.0,0.0,0.0,0.0,0.0,0.0,0.0,0.0,0.0,0.0,0.0,1.0
